Arxiv	cf152ec4d18d11ea9a8facde48001122	Forgetting the starting distribution in finite interacting tempering	math.PR	http://arxiv.org/abs/1406.0547v1
Arxiv	d0b5f592d18d11ea9a8facde48001122	Achieving Near MAP Performance with an Excited Markov Chain Monte Carlo
  MIMO Detector	cs.IT	http://arxiv.org/abs/1707.03422v1
Arxiv	d25823b6d18d11ea9a8facde48001122	Unbiased Markov chain Monte Carlo with couplings	stat.ME	http://arxiv.org/abs/1708.03625v5
Arxiv	d3f888aad18d11ea9a8facde48001122	Data analysis recipes: Using Markov Chain Monte Carlo	astro-ph.IM	http://arxiv.org/abs/1710.06068v1
Arxiv	d589f5d2d18d11ea9a8facde48001122	Techniques for proving Asynchronous Convergence results for Markov Chain
  Monte Carlo methods	stat.ML	http://arxiv.org/abs/1711.06719v5
Arxiv	d728c92cd18d11ea9a8facde48001122	On Connecting Stochastic Gradient MCMC and Differential Privacy	stat.ML	http://arxiv.org/abs/1712.09097v1
Arxiv	d8c96b56d18d11ea9a8facde48001122	A Review of Multiple Try MCMC algorithms for Signal Processing	stat.CO	http://arxiv.org/abs/1801.09065v1
Arxiv	dbcb4e5ad18d11ea9a8facde48001122	Stochastic Gradient MCMC with Repulsive Forces	stat.ML	http://arxiv.org/abs/1812.00071v2
Arxiv	dd6c9af2d18d11ea9a8facde48001122	Cyclical Stochastic Gradient MCMC for Bayesian Deep Learning	cs.LG	http://arxiv.org/abs/1902.03932v2
Arxiv	df0acff0d18d11ea9a8facde48001122	Embarrassingly parallel MCMC using deep invertible transformations	cs.LG	http://arxiv.org/abs/1903.04556v1
Arxiv	e0a95480d18d11ea9a8facde48001122	Continuous-Time Birth-Death MCMC for Bayesian Regression Tree Models	stat.ML	http://arxiv.org/abs/1904.09339v1
Arxiv	e248bf38d18d11ea9a8facde48001122	A Contrastive Divergence for Combining Variational Inference and MCMC	stat.ML	http://arxiv.org/abs/1905.04062v2
Arxiv	e3e79dfad18d11ea9a8facde48001122	Estimating Convergence of Markov chains with L-Lag Couplings	stat.CO	http://arxiv.org/abs/1905.09971v3
Arxiv	e587a5c4d18d11ea9a8facde48001122	Prune Sampling: a MCMC inference technique for discrete and
  deterministic Bayesian networks	stat.CO	http://arxiv.org/abs/1908.06335v1
Arxiv	e726dc7ed18d11ea9a8facde48001122	The Barker proposal: combining robustness and efficiency in
  gradient-based MCMC	stat.CO	http://arxiv.org/abs/1908.11812v2
Arxiv	e8c62008d18d11ea9a8facde48001122	Fourier transform MCMC, heavy tailed distributions and geometric
  ergodicity	stat.CO	http://arxiv.org/abs/1909.00698v2
Arxiv	ea689170d18d11ea9a8facde48001122	Plateau Proposal Distributions for Adaptive Component-wise Multiple-Try
  Metropolis	stat.CO	http://arxiv.org/abs/1909.05201v1
Arxiv	ed7af63cd18d11ea9a8facde48001122	Spectral Subsampling MCMC for Stationary Time Series	stat.ME	http://arxiv.org/abs/1910.13627v2
Arxiv	ef19bcd0d18d11ea9a8facde48001122	Estimating accuracy of the MCMC variance estimator: a central limit
  theorem for batch means estimators	stat.CO	http://arxiv.org/abs/1911.00915v1
Arxiv	f0c23d96d18d11ea9a8facde48001122	Parallelising MCMC via Random Forests	stat.CO	http://arxiv.org/abs/1911.09698v1
Arxiv	f2f93eacd18d11ea9a8facde48001122	Extended Stochastic Gradient MCMC for Large-Scale Bayesian Variable
  Selection	stat.CO	http://arxiv.org/abs/2002.02919v1
Arxiv	f498e1c2d18d11ea9a8facde48001122	MetFlow: A New Efficient Method for Bridging the Gap between Markov
  Chain Monte Carlo and Variational Inference	stat.ML	http://arxiv.org/abs/2002.12253v1
Arxiv	f6391394d18d11ea9a8facde48001122	Markov Chain Monte Carlo with Neural Network Surrogates: Application to
  Contaminant Source Identification	cs.CE	http://arxiv.org/abs/2003.02322v1
Arxiv	f7d9a97ad18d11ea9a8facde48001122	Optimized Markov Chain Monte Carlo for Signal Detection in MIMO Systems:
  an Analysis of Stationary Distribution and Mixing Time	cs.IT	http://arxiv.org/abs/1310.7305v1
Arxiv	f96bc5f2d18d11ea9a8facde48001122	CosmoHammer: Cosmological parameter estimation with the MCMC Hammer	astro-ph.CO	http://arxiv.org/abs/1212.1721v2
Arxiv	fafdc2a8d18d11ea9a8facde48001122	A computational framework for infinite-dimensional Bayesian inverse
  problems: Part II. Stochastic Newton MCMC with application to ice sheet flow
  inverse problems	stat.ME	http://arxiv.org/abs/1308.6221v2
Arxiv	fc9e0c1cd18d11ea9a8facde48001122	Bayesian Estimation of Mixed Multinomial Logit Models: Advances and
  Simulation-Based Evaluations	stat.ML	http://arxiv.org/abs/1904.03647v4
Arxiv	ffa1e672d18d11ea9a8facde48001122	A Novel MCMC Based Receiver for Large-Scale Uplink Multiuser MIMO
  Systems	cs.IT	http://arxiv.org/abs/1201.6034v1
Arxiv	01419ffed18e11ea9a8facde48001122	How to view an MCMC simulation as a permutation, with applications to
  parallel simulation and improved importance sampling	stat.CO	http://arxiv.org/abs/1205.0070v1
Arxiv	02ed06c2d18e11ea9a8facde48001122	Adaptive MCMC with online relabeling	stat.CO	http://arxiv.org/abs/1210.2601v3
Arxiv	047cc874d18e11ea9a8facde48001122	On embedded hidden Markov models and particle Markov chain Monte Carlo
  methods	stat.CO	http://arxiv.org/abs/1610.08962v1
Arxiv	061dcae8d18e11ea9a8facde48001122	Control Variates for Stochastic Gradient MCMC	stat.CO	http://arxiv.org/abs/1706.05439v2
Arxiv	07bc4cc6d18e11ea9a8facde48001122	Importance sampling correction versus standard averages of reversible
  MCMCs in terms of the asymptotic variance	stat.CO	http://arxiv.org/abs/1706.09873v6
Arxiv	094d7204d18e11ea9a8facde48001122	Swap connectivity for two graph spaces between simple and pseudo graphs
  and disconnectivity for triangle constraints	math.CO	http://arxiv.org/abs/1704.01951v1
Arxiv	0aebdd62d18e11ea9a8facde48001122	Metropolis-Hastings Algorithms for Estimating Betweenness Centrality in
  Large Networks	cs.DS	http://arxiv.org/abs/1704.07351v3
Arxiv	0c97464cd18e11ea9a8facde48001122	Localization for MCMC: sampling high-dimensional posterior distributions
  with local structure	stat.ME	http://arxiv.org/abs/1710.07747v7
Arxiv	0e3d8cccd18e11ea9a8facde48001122	Parallel Markov Chain Monte Carlo for Bayesian Hierarchical Models with
  Big Data, in Two Stages	stat.ME	http://arxiv.org/abs/1712.05907v2
Arxiv	115408c8d18e11ea9a8facde48001122	Scaling-up Split-Merge MCMC with Locality Sensitive Sampling (LSS)	cs.LG	http://arxiv.org/abs/1802.07444v3
Arxiv	12f3b566d18e11ea9a8facde48001122	Learning Sparse Structured Ensembles with SG-MCMC and Network Pruning	stat.ML	http://arxiv.org/abs/1803.00184v3
Arxiv	14944b6ad18e11ea9a8facde48001122	Bayesian Updating and Uncertainty Quantification using Sequential
  Tempered MCMC with the Rank-One Modified Metropolis Algorithm	stat.CO	http://arxiv.org/abs/1804.08738v1
Arxiv	16b02a36d18e11ea9a8facde48001122	Parametric Analysis of a Phenomenological Constitutive Model for
  Thermally Induced Phase Transformation in Ni-Ti Shape Memory Alloys	stat.AP	http://arxiv.org/abs/1808.07377v1
Arxiv	186b4e8cd18e11ea9a8facde48001122	A transport-based multifidelity preconditioner for Markov chain Monte
  Carlo	math.NA	http://arxiv.org/abs/1808.09379v1
Arxiv	1a0d5d0cd18e11ea9a8facde48001122	Boosting Monte Carlo simulations of spin glasses using autoregressive
  neural networks	physics.comp-ph	http://arxiv.org/abs/2002.04292v2
Arxiv	1b9d4bc8d18e11ea9a8facde48001122	MCMC for Bayesian uncertainty quantification from time-series data	stat.CO	http://arxiv.org/abs/2005.14281v1
Arxiv	1d3d6206d18e11ea9a8facde48001122	Markov chain Monte Carlo importance samplers for Bayesian models with
  intractable likelihoods	stat.CO	http://arxiv.org/abs/1904.05886v1
Arxiv	1ede2f6ed18e11ea9a8facde48001122	Using Markov chain Monte Carlo methods for estimating parameters with
  gravitational radiation data	gr-qc	http://arxiv.org/abs/gr-qc/0102018v1
Arxiv	206e9152d18e11ea9a8facde48001122	Bayesian inference on compact binary inspiral gravitational radiation
  signals in interferometric data	gr-qc	http://arxiv.org/abs/gr-qc/0602067v2
Arxiv	23763feed18e11ea9a8facde48001122	Parallel and interacting Markov chains Monte Carlo method	math.PR	http://arxiv.org/abs/math/0610181v1
Arxiv	25171562d18e11ea9a8facde48001122	Inference for stochastic volatility models using time change
  transformations	stat.ME	http://arxiv.org/abs/0711.1594v1
Arxiv	26b5ef10d18e11ea9a8facde48001122	Limit theorems for some adaptive MCMC algorithms with subgeometric
  kernels	math.PR	http://arxiv.org/abs/0807.2952v2
Arxiv	28546b76d18e11ea9a8facde48001122	Fast search for Dirichlet process mixture models	cs.LG	http://arxiv.org/abs/0907.1812v1
Arxiv	29f585d2d18e11ea9a8facde48001122	Nonasymptotic bounds on the estimation error for regenerative MCMC
  algorithms	stat.ME	http://arxiv.org/abs/0907.4915v1
Arxiv	2b963db4d18e11ea9a8facde48001122	Bayesian inference for exponential random graph models	stat.AP	http://arxiv.org/abs/1007.5192v2
Arxiv	2d378506d18e11ea9a8facde48001122	Cruising The Simplex: Hamiltonian Monte Carlo and the Dirichlet
  Distribution	physics.data-an	http://arxiv.org/abs/1010.3436v4
Arxiv	2ec977dad18e11ea9a8facde48001122	Probing the parameter space of HD 49933: a comparison between global and
  local methods	astro-ph.SR	http://arxiv.org/abs/1011.3037v1
Arxiv	305aecbed18e11ea9a8facde48001122	Graphical Comparison of MCMC Performance	stat.CO	http://arxiv.org/abs/1011.4457v1
Arxiv	31fc58d2d18e11ea9a8facde48001122	Bayesian Optimization for Adaptive MCMC	stat.CO	http://arxiv.org/abs/1110.6497v1
Arxiv	3511f84cd18e11ea9a8facde48001122	Improving the Asymptotic Performance of Markov Chain Monte-Carlo by
  Inserting Vortices	stat.ME	http://arxiv.org/abs/1209.6048v1
Arxiv	36b4ca80d18e11ea9a8facde48001122	Approximate Counting of Graphical Models Via MCMC Revisited	stat.ML	http://arxiv.org/abs/1301.7189v2
Arxiv	385f8dcad18e11ea9a8facde48001122	Bayesian Model Averaging in Astrophysics: A Review	astro-ph.IM	http://arxiv.org/abs/1302.1721v1
Arxiv	3a08347ed18e11ea9a8facde48001122	The Containment Condition and AdapFail algorithms	stat.CO	http://arxiv.org/abs/1307.1799v2
Arxiv	3c210af6d18e11ea9a8facde48001122	Weak Convergence Rates of Population versus Single-Chain Stochastic
  Approximation MCMC Algorithms	math.ST	http://arxiv.org/abs/1310.7479v1
Arxiv	3dc1ea6ad18e11ea9a8facde48001122	On the use of marginal posteriors in marginal likelihood estimation via
  importance-sampling	stat.CO	http://arxiv.org/abs/1311.0674v2
Arxiv	3fa7e708d18e11ea9a8facde48001122	Error bounds of MCMC for functions with unbounded stationary variance	math.ST	http://arxiv.org/abs/1312.4344v2
Arxiv	4138c894d18e11ea9a8facde48001122	Scalable Inference for Markov Processes with Intractable Likelihoods	stat.CO	http://arxiv.org/abs/1403.6886v2
Arxiv	42d96c9ed18e11ea9a8facde48001122	Accelerating MCMC via Parallel Predictive Prefetching	stat.ML	http://arxiv.org/abs/1403.7265v1
Arxiv	447b1c50d18e11ea9a8facde48001122	Bayesian Inference for Generalized Extreme Value Distributions via
  Hamiltonian Monte Carlo	stat.CO	http://arxiv.org/abs/1410.4534v2
Arxiv	477b8318d18e11ea9a8facde48001122	Extending Bayesian analysis of circular data to comparison of multiple
  groups	stat.CO	http://arxiv.org/abs/1505.02556v1
Arxiv	491b0964d18e11ea9a8facde48001122	Bayesian analysis of multivariate stable distributions using
  one-dimensional projections	stat.ME	http://arxiv.org/abs/1507.07323v1
Arxiv	4abd0b82d18e11ea9a8facde48001122	Strong Consistency of Multivariate Spectral Variance Estimators	math.ST	http://arxiv.org/abs/1507.08266v3
Arxiv	4c65feb2d18e11ea9a8facde48001122	A central limit theorem for adaptive and interacting Markov chains	math.ST	http://arxiv.org/abs/1107.2574v1
Arxiv	4e055fced18e11ea9a8facde48001122	A note on marginal posterior simulation via higher-order tail area
  approximations	stat.CO	http://arxiv.org/abs/1212.1038v1
Arxiv	4f96bd42d18e11ea9a8facde48001122	Model comparison with missing data using MCMC and importance sampling	stat.CO	http://arxiv.org/abs/1512.04743v1
Arxiv	5136d92ad18e11ea9a8facde48001122	Minimising MCMC variance via diffusion limits, with an application to
  simulated tempering	math.PR	http://arxiv.org/abs/1401.3559v1
Arxiv	52c71b2ed18e11ea9a8facde48001122	Scalable Rejection Sampling for Bayesian Hierarchical Models	stat.ME	http://arxiv.org/abs/1401.8236v3
Arxiv	5467ccf8d18e11ea9a8facde48001122	Uniform Modeling of KOIs: MCMC Data Release Notes	astro-ph.EP	http://arxiv.org/abs/1504.00707v1
Arxiv	5609a34cd18e11ea9a8facde48001122	Eigenvalue analysis of an irreversible random walk with skew detailed
  balance conditions	cond-mat.stat-mech	http://arxiv.org/abs/1511.08100v3
Arxiv	5911639ad18e11ea9a8facde48001122	On the Use of Penalty MCMC for Differential Privacy	stat.CO	http://arxiv.org/abs/1604.07177v1
Arxiv	5ab45770d18e11ea9a8facde48001122	Variational Inference with Hamiltonian Monte Carlo	stat.ML	http://arxiv.org/abs/1609.08203v1
Arxiv	5c5305aed18e11ea9a8facde48001122	MCMC Louvain for Online Community Detection	cs.SI	http://arxiv.org/abs/1612.01489v1
Arxiv	5e0bd902d18e11ea9a8facde48001122	Metropolis Sampling	stat.ME	http://arxiv.org/abs/1704.04629v1
Arxiv	6022c9b2d18e11ea9a8facde48001122	Simulated Annealing Algorithm for Graph Coloring	cs.AI	http://arxiv.org/abs/1712.00709v1
Arxiv	61c64910d18e11ea9a8facde48001122	Divide and Recombine for Large and Complex Data: Model Likelihood
  Functions using MCMC	stat.ME	http://arxiv.org/abs/1801.05007v1
Arxiv	6365b5f8d18e11ea9a8facde48001122	Bouncy Hybrid Sampler as a Unifying Device	stat.CO	http://arxiv.org/abs/1802.04366v2
Arxiv	6503a924d18e11ea9a8facde48001122	Hierarchical multi-stage MCMC follow-up of continuous gravitational wave
  candidates	astro-ph.IM	http://arxiv.org/abs/1802.05450v2
Arxiv	669548e2d18e11ea9a8facde48001122	A novel Empirical Bayes with Reversible Jump Markov Chain in User-Movie
  Recommendation system	stat.ML	http://arxiv.org/abs/1808.05480v1
Arxiv	68404caad18e11ea9a8facde48001122	Image Segmentation with Pseudo-marginal MCMC Sampling and Nonparametric
  Shape Priors	cs.CV	http://arxiv.org/abs/1809.00488v1
Arxiv	6b507b72d18e11ea9a8facde48001122	The Theory and Algorithm of Ergodic Inference	cs.LG	http://arxiv.org/abs/1811.07192v1
Arxiv	6cef9dfad18e11ea9a8facde48001122	Fast Markov Chain Monte Carlo Algorithms via Lie Groups	math.ST	http://arxiv.org/abs/1901.08606v2
Arxiv	6e91dc5ed18e11ea9a8facde48001122	Variance reduction for MCMC methods via martingale representations	stat.CO	http://arxiv.org/abs/1903.07373v3
Arxiv	703125a6d18e11ea9a8facde48001122	Markov Chain Monte Carlo on Finite State Spaces	math.ST	http://arxiv.org/abs/1903.09019v5
Arxiv	71e6a204d18e11ea9a8facde48001122	Approximate spectral gaps for Markov chains mixing times in high
  dimensions	stat.CO	http://arxiv.org/abs/1903.11745v2
Arxiv	7389215ed18e11ea9a8facde48001122	Clustering for Continuous-Time Hidden Markov Models	stat.ME	http://arxiv.org/abs/1906.10252v2
Arxiv	75282fa0d18e11ea9a8facde48001122	R package for Nearest Neighbor Gaussian Process models	stat.CO	http://arxiv.org/abs/2001.09111v1
Arxiv	76c87d6ad18e11ea9a8facde48001122	tfp.mcmc: Modern Markov Chain Monte Carlo Tools Built for Modern
  Hardware	stat.CO	http://arxiv.org/abs/2002.01184v1
Arxiv	7868e240d18e11ea9a8facde48001122	Table-Top Scene Analysis Using Knowledge-Supervised MCMC	cs.CV	http://arxiv.org/abs/2002.08417v1
Arxiv	7a0be58ed18e11ea9a8facde48001122	Convergence Rates of Two-Component MCMC Samplers	math.ST	http://arxiv.org/abs/2006.14801v1
Arxiv	7d226342d18e11ea9a8facde48001122	Stochastic Stein Discrepancies	stat.ML	http://arxiv.org/abs/2007.02857v1
Arxiv	7ec16626d18e11ea9a8facde48001122	Improving the Efficiency of Markov Chain Monte Carlo for Analyzing the
  Orbits of Extrasolar Planets	astro-ph	http://arxiv.org/abs/astro-ph/0512634v1
Arxiv	805260bcd18e11ea9a8facde48001122	Improving Asymptotic Variance of MCMC Estimators: Non-reversible Chains
  are Better	math.PR	http://arxiv.org/abs/math/0407281v1
Arxiv	82af8236d18e11ea9a8facde48001122	Variational method for estimating the rate of convergence of Markov
  Chain Monte Carlo algorithms	physics.data-an	http://arxiv.org/abs/physics/0609001v3
Arxiv	848091e0d18e11ea9a8facde48001122	A Flexible Method of Estimating Luminosity Functions	astro-ph	http://arxiv.org/abs/0805.2946v1
Arxiv	86111e94d18e11ea9a8facde48001122	An MCMC Fitting Method for Triaxial Dark Matter Haloes	astro-ph	http://arxiv.org/abs/0807.4642v2
Arxiv	87a1849cd18e11ea9a8facde48001122	Scalable Probabilistic Databases with Factor Graphs and MCMC	cs.DB	http://arxiv.org/abs/1005.1934v1
Arxiv	8940c9a2d18e11ea9a8facde48001122	Efficient Bayesian Inference for Switching State-Space Models using
  Discrete Particle Markov Chain Monte Carlo Methods	stat.CO	http://arxiv.org/abs/1011.2437v1
Arxiv	8ae20032d18e11ea9a8facde48001122	An Affine-Invariant Sampler for Exoplanet Fitting and Discovery in
  Radial Velocity Data	astro-ph.IM	http://arxiv.org/abs/1104.2612v2
Arxiv	8c724826d18e11ea9a8facde48001122	INLA or MCMC? A Tutorial and Comparative Evaluation for Spatial
  Prediction in log-Gaussian Cox Processes	stat.CO	http://arxiv.org/abs/1202.1738v2
Arxiv	8f92ddaed18e11ea9a8facde48001122	Bayesian Inference for Gaussian Process Classifiers with Annealing and
  Pseudo-Marginal MCMC	stat.ME	http://arxiv.org/abs/1311.7320v2
Arxiv	9132b882d18e11ea9a8facde48001122	Data-Driven Model Reduction for the Bayesian Solution of Inverse
  Problems	stat.CO	http://arxiv.org/abs/1403.4290v2
Arxiv	92c39162d18e11ea9a8facde48001122	Phylogenetic Stochastic Mapping without Matrix Exponentiation	stat.CO	http://arxiv.org/abs/1403.5040v1
Arxiv	946591c8d18e11ea9a8facde48001122	Hessian corrections to the Metropolis Adjusted Langevin Algorithm	stat.CO	http://arxiv.org/abs/1507.06336v1
Arxiv	96057700d18e11ea9a8facde48001122	Establishing some order amongst exact approximations of MCMCs	stat.CO	http://arxiv.org/abs/1404.6909v2
Arxiv	97a65f5cd18e11ea9a8facde48001122	A New Method of Accelerated Bayesian Inference for Comparable Mass
  Binaries in both Ground and Space-Based Gravitational Wave Astronomy	gr-qc	http://arxiv.org/abs/1411.0598v1
Arxiv	9947490cd18e11ea9a8facde48001122	Dimension-independent likelihood-informed MCMC	stat.CO	http://arxiv.org/abs/1411.3688v2
Arxiv	9ad87fded18e11ea9a8facde48001122	Variational consensus Monte Carlo	stat.ML	http://arxiv.org/abs/1506.03074v1
Arxiv	9c78a3bed18e11ea9a8facde48001122	A Complete Recipe for Stochastic Gradient MCMC	math.ST	http://arxiv.org/abs/1506.04696v2
Arxiv	9e17a1c0d18e11ea9a8facde48001122	Efficient Markov Chain Monte Carlo Sampling for Hierarchical Hidden
  Markov Models	stat.CO	http://arxiv.org/abs/1601.02698v1
Arxiv	a12c15c6d18e11ea9a8facde48001122	Parallel local approximation MCMC for expensive models	stat.CO	http://arxiv.org/abs/1607.02788v2
Arxiv	a2cc2a74d18e11ea9a8facde48001122	Multilevel Monte Carlo for Scalable Bayesian Computations	stat.ML	http://arxiv.org/abs/1609.06144v1
