Arxiv	b05d1e26d18b11ea9a8facde48001122	Oscillation of adaptative Metropolis-Hasting and simulated annealing  algorithms around penalized least squares estimator	math.ST	http://arxiv.org/abs/1403.4827v1
Arxiv	b274e43cd18b11ea9a8facde48001122	Output-Sensitive Adaptive Metropolis-Hastings for Probabilistic Programs	cs.AI	http://arxiv.org/abs/1501.05677v2
Arxiv	b56eddd2d18b11ea9a8facde48001122	Non-reversible guided Metropolis-Hastings kernel	stat.CO	http://arxiv.org/abs/2005.05584v1
Arxiv	b7a21038d18b11ea9a8facde48001122	Does waste-recycling really improve Metropolis-Hastings Monte Carlo  algorithm?	math.PR	http://arxiv.org/abs/math/0611949v3
Arxiv	b9a986aed18b11ea9a8facde48001122	Understanding the Hastings Algorithm	stat.CO	http://arxiv.org/abs/1408.4438v1
Arxiv	bb3d0d06d18b11ea9a8facde48001122	Use of a Quantum Computer to do Importance and Metropolis-Hastings  Sampling of a Classical Bayesian Network	quant-ph	http://arxiv.org/abs/0811.1792v1
Arxiv	bd6b0e16d18b11ea9a8facde48001122	Solving stochastic chemical kinetics by Metropolis Hastings sampling	cs.NA	http://arxiv.org/abs/1410.8155v1
Arxiv	bfe7853ed18b11ea9a8facde48001122	Directional Metropolis-Hastings	stat.CO	http://arxiv.org/abs/1710.09759v1
Arxiv	c3edcd78d18b11ea9a8facde48001122	Mixing Time of Metropolis-Hastings for Bayesian Community Detection	math.ST	http://arxiv.org/abs/1811.02612v1
Arxiv	c715eae4d18b11ea9a8facde48001122	Efficient Quantum Walk Circuits for Metropolis-Hastings Algorithm	quant-ph	http://arxiv.org/abs/1910.01659v2
Arxiv	ca7cc680d18b11ea9a8facde48001122	Convergence Rates of Two-Component MCMC Samplers	math.ST	http://arxiv.org/abs/2006.14801v1
Arxiv	ccd0639cd18b11ea9a8facde48001122	Bayesian Methods for Cosmological Parameter Estimation from Cosmic  Microwave Background Measurements	astro-ph	http://arxiv.org/abs/astro-ph/0006401v1
Arxiv	ceed1d32d18b11ea9a8facde48001122	The Metropolis-Hastings algorithm	stat.CO	http://arxiv.org/abs/1504.01896v3
Arxiv	d1324e50d18b11ea9a8facde48001122	An Asymptotically Efficient Metropolis-Hastings Sampler for Bayesian  Inference in Large-Scale Educational Measuremen	stat.CO	http://arxiv.org/abs/1808.03947v1
Arxiv	d37aeffad18b11ea9a8facde48001122	Error bounds for Metropolis-Hastings algorithms applied to perturbations  of Gaussian measures in high dimensions	math.PR	http://arxiv.org/abs/1210.1180v2
Arxiv	d510a0c6d18b11ea9a8facde48001122	A note on the Metropolis-Hastings acceptance probabilities for mixture  spaces	math.ST	http://arxiv.org/abs/1808.00789v3
Arxiv	d756d1a2d18b11ea9a8facde48001122	Particle filtering within adaptive Metropolis Hastings sampling	stat.CO	http://arxiv.org/abs/0911.0230v1
Arxiv	d96e0b86d18b11ea9a8facde48001122	Using parallel computation to improve Independent Metropolis--Hastings  based estimation	stat.CO	http://arxiv.org/abs/1010.1595v3
Arxiv	dbcba8c0d18b11ea9a8facde48001122	Variance bounding of delayed-acceptance kernels	math.ST	http://arxiv.org/abs/1706.02142v1
Arxiv	ddd85988d18b11ea9a8facde48001122	On the Geometric Ergodicity of Metropolis-Hastings Algorithms for  Lattice Gaussian Sampling	cs.IT	http://arxiv.org/abs/1501.05757v5
Arxiv	e171d9d4d18b11ea9a8facde48001122	Geometric nested sampling: sampling from distributions defined on  non-trivial geometries	stat.CO	http://arxiv.org/abs/2002.04123v1
Arxiv	e3079932d18b11ea9a8facde48001122	Ergodicity of Markov chain Monte Carlo with reversible proposal	stat.ME	http://arxiv.org/abs/1602.02889v1
Arxiv	e55822f6d18b11ea9a8facde48001122	Diffuse optical tomography by simulated annealing via a spin Hamiltonian	math.NA	http://arxiv.org/abs/1912.11375v1
Arxiv	e7f43e64d18b11ea9a8facde48001122	II: Bayesian Methods for Cosmological Parameter Estimation from Cosmic  Microwave Background Measurements	astro-ph	http://arxiv.org/abs/astro-ph/0103134v1
Arxiv	e98b1f90d18b11ea9a8facde48001122	An adaptive Metropolis-Hastings scheme: sampling and optimization	cond-mat.other	http://arxiv.org/abs/cond-mat/0504163v1
Arxiv	eb1edfccd18b11ea9a8facde48001122	A Metropolis-Hastings algorithm for extracting periodic gravitational  wave signals from laser interferometric detector data	gr-qc	http://arxiv.org/abs/gr-qc/0402038v1
Arxiv	ecb3b8eed18b11ea9a8facde48001122	Adaptive Independent Metropolis-Hastings by Fast Estimation of Mixtures  of Normals	stat.CO	http://arxiv.org/abs/0801.1864v1
Arxiv	efb4481ad18b11ea9a8facde48001122	Markov Chain Monte Carlo using Tree-Based Priors on Model Structure	cs.AI	http://arxiv.org/abs/1301.2254v1
Arxiv	f26dd3c8d18b11ea9a8facde48001122	Fully Adaptive Gaussian Mixture Metropolis-Hastings Algorithm	stat.CO	http://arxiv.org/abs/1212.0122v3
Arxiv	f4018978d18b11ea9a8facde48001122	Decomposition Sampling applied to Parallelization of Metropolis-Hastings	stat.CO	http://arxiv.org/abs/1402.2828v2
Arxiv	f96a8716d18b11ea9a8facde48001122	Biips: Software for Bayesian Inference with Interacting Particle Systems	stat.CO	http://arxiv.org/abs/1412.3779v1
Arxiv	fc8f5c6ed18b11ea9a8facde48001122	A Bayesian Matrix Factorization Model for Relational Data	cs.LG	http://arxiv.org/abs/1203.3517v1
Arxiv	fe92d518d18b11ea9a8facde48001122	Exact active subspace Metropolis-Hastings, with applications to the  Lorenz-96 system	stat.CO	http://arxiv.org/abs/1712.02749v1
Arxiv	00ca08ecd18c11ea9a8facde48001122	Adaptive independent Metropolis--Hastings	math.PR	http://arxiv.org/abs/0903.0483v1
Arxiv	025e87aad18c11ea9a8facde48001122	A vanilla Rao--Blackwellization of Metropolis--Hastings algorithms	stat.CO	http://arxiv.org/abs/0904.2144v6
Arxiv	0457fdded18c11ea9a8facde48001122	On Disturbance State-Space Models and the Particle Marginal  Metropolis-Hastings Sampler	stat.CO	http://arxiv.org/abs/1202.6159v3
Arxiv	05eda9aad18c11ea9a8facde48001122	A Hierarchical Multilevel Markov Chain Monte Carlo Algorithm with  Applications to Uncertainty Quantification in Subsurface Flow	math.NA	http://arxiv.org/abs/1303.7343v2
Arxiv	09750a5ad18c11ea9a8facde48001122	Kernel Adaptive Metropolis-Hastings	stat.ML	http://arxiv.org/abs/1307.5302v3
Arxiv	0c0bf8b4d18c11ea9a8facde48001122	Metropolis-Hastings algorithms with autoregressive proposals, and a few  examples	stat.CO	http://arxiv.org/abs/1605.05441v2
Arxiv	0e625d42d18c11ea9a8facde48001122	Efficiency and computability of MCMC with Langevin, Hamiltonian, and  other matrix-splitting proposals	math.PR	http://arxiv.org/abs/1501.03150v1
Arxiv	126059bcd18c11ea9a8facde48001122	Accelerating Metropolis-Hastings algorithms by Delayed Acceptance	stat.CO	http://arxiv.org/abs/1503.00996v2
Arxiv	14f7f82ed18c11ea9a8facde48001122	Efficient implementation of Markov chain Monte Carlo when using an  unbiased likelihood estimator	stat.ME	http://arxiv.org/abs/1210.1871v4
Arxiv	179d6d20d18c11ea9a8facde48001122	Hastings-Metropolis algorithm on Markov chains for small-probability  estimation	math.ST	http://arxiv.org/abs/1411.5883v1
Arxiv	1a25f7f6d18c11ea9a8facde48001122	Accelerating pseudo-marginal Metropolis-Hastings by correlating  auxiliary variables	stat.CO	http://arxiv.org/abs/1511.05483v1
Arxiv	1cbc08e8d18c11ea9a8facde48001122	Tuning of MCMC with Langevin, Hamiltonian, and other stochastic  autoregressive proposals	stat.CO	http://arxiv.org/abs/1610.00781v1
Arxiv	1eee8384d18c11ea9a8facde48001122	An Efficient Minibatch Acceptance Test for Metropolis-Hastings	cs.LG	http://arxiv.org/abs/1610.06848v3
Arxiv	21fedbe6d18c11ea9a8facde48001122	Generalized and hybrid Metropolis-Hastings overdamped Langevin  algorithms	math.PR	http://arxiv.org/abs/1701.05833v1
Arxiv	247365ead18c11ea9a8facde48001122	A piecewise deterministic scaling limit of Lifted Metropolis-Hastings in  the Curie-Weiss model	math.PR	http://arxiv.org/abs/1509.00302v2
Arxiv	260ca498d18c11ea9a8facde48001122	A computable bound of the essential spectral radius of finite range  Metropolis--Hastings kernels	math.PR	http://arxiv.org/abs/1611.07809v1
Arxiv	27a15b8cd18c11ea9a8facde48001122	Barker's algorithm for Bayesian inference with intractable likelihoods	stat.CO	http://arxiv.org/abs/1709.07710v1
Arxiv	2b3d2c4ed18c11ea9a8facde48001122	A multiple-try Metropolis-Hastings algorithm with tailored proposals	stat.CO	http://arxiv.org/abs/1807.01914v1
Arxiv	300ff7ced18c11ea9a8facde48001122	Scalable Metropolis-Hastings for Exact Bayesian Inference with Large  Datasets	stat.ML	http://arxiv.org/abs/1901.09881v3
Arxiv	32e34064d18c11ea9a8facde48001122	The Implicit Metropolis-Hastings Algorithm	stat.ML	http://arxiv.org/abs/1906.03644v1
Arxiv	358e1500d18c11ea9a8facde48001122	Collective sampling through a Metropolis-Hastings like method: kinetic  theory and numerical experiments	math.ST	http://arxiv.org/abs/1909.08988v1
Arxiv	37e9b746d18c11ea9a8facde48001122	Efficiency of delayed-acceptance random walk Metropolis algorithms	math.ST	http://arxiv.org/abs/1506.08155v2
Arxiv	3d819dead18c11ea9a8facde48001122	Distributed Metropolis Sampler with Optimal Parallelism	cs.DS	http://arxiv.org/abs/1904.00943v2
Arxiv	3fb2c698d18c11ea9a8facde48001122	A Review of Multiple Try MCMC algorithms for Signal Processing	stat.CO	http://arxiv.org/abs/1801.09065v1
Arxiv	4148c980d18c11ea9a8facde48001122	Efficient Metropolis-Hastings Sampling for Nonlinear Mixed Effects  Models	stat.AP	http://arxiv.org/abs/1910.12090v1
Arxiv	435430b6d18c11ea9a8facde48001122	Taking Bigger Metropolis Steps by Dragging Fast Variables	math.ST	http://arxiv.org/abs/math/0502099v1
Arxiv	4546c88ed18c11ea9a8facde48001122	On the flexibility of the design of Multiple Try Metropolis schemes	stat.CO	http://arxiv.org/abs/1201.0646v3
Arxiv	48515cecd18c11ea9a8facde48001122	Metropolis Sampling	stat.ME	http://arxiv.org/abs/1704.04629v1
Arxiv	4aaf0994d18c11ea9a8facde48001122	Perturbation Bounds for Monte Carlo within Metropolis via Restricted  Approximations	stat.CO	http://arxiv.org/abs/1809.09547v2
Arxiv	4c43d8c0d18c11ea9a8facde48001122	A Repelling-Attracting Metropolis Algorithm for Multimodality	stat.ME	http://arxiv.org/abs/1601.05633v5
Arxiv	4dda33aad18c11ea9a8facde48001122	Charted Metropolis Light Transport	cs.GR	http://arxiv.org/abs/1612.05395v7
Arxiv	4f71e60ed18c11ea9a8facde48001122	Hamiltonian Assisted Metropolis Sampling	stat.CO	http://arxiv.org/abs/2005.08159v1
Arxiv	5b281950d18c11ea9a8facde48001122	On the ergodicity properties of some adaptive MCMC algorithms	math.PR	http://arxiv.org/abs/math/0610317v1
Arxiv	5cc292ead18c11ea9a8facde48001122	Stability of Noisy Metropolis-Hastings	stat.CO	http://arxiv.org/abs/1503.07066v1
Arxiv	5fd3b216d18c11ea9a8facde48001122	Levy process simulation by stochastic step functions	math.PR	http://arxiv.org/abs/1110.2367v1
Arxiv	61698736d18c11ea9a8facde48001122	Probabilistic learning of nonlinear dynamical systems using sequential  Monte Carlo	stat.CO	http://arxiv.org/abs/1703.02419v2
Arxiv	634fe086d18c11ea9a8facde48001122	Metropolis-Hastings Algorithms for Estimating Betweenness Centrality in  Large Networks	cs.DS	http://arxiv.org/abs/1704.07351v3
Arxiv	66d4b448d18c11ea9a8facde48001122	Monte Carlo simulations of interacting particles with fast and accurate  electrostatics	physics.comp-ph	http://arxiv.org/abs/2006.16622v1
Arxiv	69f3c858d18c11ea9a8facde48001122	Adaptive parallel tempering algorithm	stat.CO	http://arxiv.org/abs/1205.1076v1
Arxiv	6cc72426d18c11ea9a8facde48001122	Rate optimality of Random walk Metropolis algorithm in high-dimension  with heavy-tailed target distribution	stat.ME	http://arxiv.org/abs/1406.5392v2
Arxiv	6eee049ad18c11ea9a8facde48001122	Fast Markov Chain Monte Carlo Algorithms via Lie Groups	math.ST	http://arxiv.org/abs/1901.08606v2
Arxiv	72089bead18c11ea9a8facde48001122	Efficient Topology-Controlled Sampling of Implicit Shapes	cs.CV	http://arxiv.org/abs/1205.3766v1
Arxiv	77e43b64d18c11ea9a8facde48001122	Asymptotic variance of stationary reversible and normal Markov processes	math.PR	http://arxiv.org/abs/1405.2411v1
Arxiv	7a5574d0d18c11ea9a8facde48001122	Report: GPU Based Massive Parallel Kawasaki Kinetics In Monte Carlo  Modelling of Lipid Microdomains	cs.DC	http://arxiv.org/abs/1309.4349v1
Arxiv	7eb49934d18c11ea9a8facde48001122	Optimal scaling for the transient phase of the random walk Metropolis  algorithm: The mean-field limit	math.PR	http://arxiv.org/abs/1210.7639v3
Arxiv	807e85aed18c11ea9a8facde48001122	Counterexamples for optimal scaling of Metropolis-Hastings chains with  rough target densities	math.PR	http://arxiv.org/abs/1910.09485v2
Arxiv	83c58a32d18c11ea9a8facde48001122	Geometric ergodicity of the Random Walk Metropolis with  position-dependent proposal covariance	stat.CO	http://arxiv.org/abs/1507.05780v2
Arxiv	88096c12d18c11ea9a8facde48001122	Optimal Scaling of Random-Walk Metropolis Algorithms on General Target  Distributions	stat.CO	http://arxiv.org/abs/1904.12157v3
Arxiv	8a985ba0d18c11ea9a8facde48001122	A Constrained Metropolis-Hastings Search for EMRIs in the Mock LISA Data  Challenge 1B	gr-qc	http://arxiv.org/abs/0804.3322v2
Arxiv	8c4be246d18c11ea9a8facde48001122	Irreversible Monte Carlo Algorithms for Efficient Sampling	cond-mat.stat-mech	http://arxiv.org/abs/0809.0916v2
Arxiv	8eac5ebcd18c11ea9a8facde48001122	Adaptive Optimal Scaling of Metropolis-Hastings Algorithms Using the  Robbins-Monro Process	stat.ME	http://arxiv.org/abs/1006.3690v1
Arxiv	92c42d0ed18c11ea9a8facde48001122	Multiplicative random walk Metropolis-Hastings on the real line	stat.CO	http://arxiv.org/abs/1008.5227v2
Arxiv	94851e82d18c11ea9a8facde48001122	Geometric Allocation Approach for Transition Kernel of Markov Chain	cond-mat.stat-mech	http://arxiv.org/abs/1106.3562v2
Arxiv	96f45d0ed18c11ea9a8facde48001122	Coupled MCMC with a randomized acceptance probability	stat.CO	http://arxiv.org/abs/1205.6857v1
Arxiv	997dea40d18c11ea9a8facde48001122	On the convergence of the Metropolis-Hastings Markov chains	math.ST	http://arxiv.org/abs/1302.0654v4
Arxiv	9c022380d18c11ea9a8facde48001122	Dimension-Independent MCMC Sampling for Inverse Problems with  Non-Gaussian Priors	math.ST	http://arxiv.org/abs/1302.2213v3
Arxiv	9f7d057ad18c11ea9a8facde48001122	Improving dynamical properties of metropolized discretizations of  overdamped Langevin dynamics	math.NA	http://arxiv.org/abs/1505.04905v2
Arxiv	a38a40b0d18c11ea9a8facde48001122	Austerity in MCMC Land: Cutting the Metropolis-Hastings Budget	cs.LG	http://arxiv.org/abs/1304.5299v4
Arxiv	a6f939d6d18c11ea9a8facde48001122	Metropolis-Hastings Sampling Using Multivariate Gaussian Tangents	stat.ME	http://arxiv.org/abs/1308.0657v1
Arxiv	a964da86d18c11ea9a8facde48001122	Comparison of sampling techniques for Bayesian parameter estimation	astro-ph.IM	http://arxiv.org/abs/1308.2675v2
Arxiv	ab094782d18c11ea9a8facde48001122	Twisting the Alive Particle Filter	stat.ME	http://arxiv.org/abs/1308.4462v1
Arxiv	ad72c85ed18c11ea9a8facde48001122	Metropolis-Hastings thermal state sampling for numerical simulations of  Bose-Einstein condensates	cond-mat.quant-gas	http://arxiv.org/abs/1308.6125v3
Arxiv	af08b7d2d18c11ea9a8facde48001122	Markov Chain Monte Carlo on Asymmetric GARCH Model Using the Adaptive  Construction Scheme	q-fin.CP	http://arxiv.org/abs/0909.1478v1
Arxiv	b0a11f58d18c11ea9a8facde48001122	Non-reversible Metropolis-Hastings	math.PR	http://arxiv.org/abs/1401.8087v4
Arxiv	b23ba00ed18c11ea9a8facde48001122	Two-Stage Metropolis-Hastings for Tall Data	stat.ME	http://arxiv.org/abs/1411.5653v3
Arxiv	b4b7e928d18c11ea9a8facde48001122	Quasi-Newton particle Metropolis-Hastings	stat.CO	http://arxiv.org/abs/1502.03656v2
Arxiv	b6540afad18c11ea9a8facde48001122	Automatic Inference for Inverting Software Simulators via Probabilistic  Programming	stat.ML	http://arxiv.org/abs/1506.00308v1
Arxiv	ba2b94ead18c11ea9a8facde48001122	Getting Started with Particle Metropolis-Hastings for Inference in  Nonlinear Dynamical Models	stat.CO	http://arxiv.org/abs/1511.01707v8
Arxiv	bd2fd03ed18c11ea9a8facde48001122	On the Poisson equation for Metropolis-Hastings chains	math.PR	http://arxiv.org/abs/1511.07464v2
Arxiv	bfc6f2b4d18c11ea9a8facde48001122	Low Rank Independence Samplers in Bayesian Inverse Problems	math.NA	http://arxiv.org/abs/1609.07180v3
Arxiv	c5311298d18c11ea9a8facde48001122	Pseudo-marginal Metropolis--Hastings using averages of unbiased  estimators	stat.ME	http://arxiv.org/abs/1610.09788v1
Arxiv	c752e6fad18c11ea9a8facde48001122	Accelerating Metropolis-Hastings algorithms: Delayed acceptance with  prefetching	stat.CO	http://arxiv.org/abs/1406.2660v1
Arxiv	ca0d3c7ed18c11ea9a8facde48001122	WarpLDA: a Cache Efficient O(1) Algorithm for Latent Dirichlet  Allocation	stat.ML	http://arxiv.org/abs/1510.08628v2
Arxiv	cc7d6470d18c11ea9a8facde48001122	Constructing Metropolis-Hastings proposals using damped BFGS updates	stat.CO	http://arxiv.org/abs/1801.01243v2
Arxiv	cf350592d18c11ea9a8facde48001122	Fast and accurate approximation of the full conditional for gamma shape  parameters	stat.CO	http://arxiv.org/abs/1802.01610v2
Arxiv	d2e04742d18c11ea9a8facde48001122	Monte Carlo sampling in diffusive dynamical systems	cond-mat.stat-mech	http://arxiv.org/abs/1804.06698v1
Arxiv	d475bc68d18c11ea9a8facde48001122	Two Metropolis-Hastings algorithms for posterior measures with  non-Gaussian priors in infinite dimensions	stat.CO	http://arxiv.org/abs/1804.07833v4
Arxiv	db54ebf8d18c11ea9a8facde48001122	Rademacher complexity for Markov chains : Applications to kernel  smoothing and Metropolis-Hasting	math.ST	http://arxiv.org/abs/1806.02107v2
Arxiv	dd6403ded18c11ea9a8facde48001122	Fast Mixing of Metropolis-Hastings with Unimodal Targets	math.PR	http://arxiv.org/abs/1806.07047v1
Arxiv	df62795ed18c11ea9a8facde48001122	Correlated pseudo-marginal Metropolis-Hastings using quasi-Newton  proposals	stat.CO	http://arxiv.org/abs/1806.09780v2
Arxiv	e38ca932d18c11ea9a8facde48001122	Invertible Particle Flow-based Sequential MCMC with extension to  Gaussian Mixture noise models	stat.ME	http://arxiv.org/abs/1807.02535v3
Arxiv	e52a7c88d18c11ea9a8facde48001122	A fast Metropolis-Hastings method for generating random correlation  matrices	stat.CO	http://arxiv.org/abs/1809.00351v1
Arxiv	e6c24fbcd18c11ea9a8facde48001122	Spectral gaps and error estimates for infinite-dimensional  Metropolis-Hastings with non-Gaussian priors	math.PR	http://arxiv.org/abs/1810.00297v2
Arxiv	e925f3c6d18c11ea9a8facde48001122	Metropolis-Hastings view on variational inference and adversarial  training	stat.ML	http://arxiv.org/abs/1810.07151v2
Arxiv	ed4413ded18c11ea9a8facde48001122	CGMH: Constrained Sentence Generation by Metropolis-Hastings Sampling	cs.CL	http://arxiv.org/abs/1811.10996v1
Arxiv	ef984862d18c11ea9a8facde48001122	Metropolis-Hastings Generative Adversarial Networks	stat.ML	http://arxiv.org/abs/1811.11357v2
Arxiv	f974d616d18c11ea9a8facde48001122	Precision Annealing Monte Carlo Methods for Statistical Data  Assimilation: Metropolis-Hastings Procedures	stat.CO	http://arxiv.org/abs/1901.04598v1
Arxiv	fe666da6d18c11ea9a8facde48001122	Unbiased Smoothing using Particle Independent Metropolis-Hastings	stat.CO	http://arxiv.org/abs/1902.01781v1
Arxiv	00ce7d40d18d11ea9a8facde48001122	A Single SMC Sampler on MPI that Outperforms a Single MCMC Sampler	stat.CO	http://arxiv.org/abs/1905.10252v1
Arxiv	03a02ac8d18d11ea9a8facde48001122	A Pseudo-Marginal Metropolis-Hastings Algorithm for Estimating  Generalized Linear Models in the Presence of Missing Data	stat.ME	http://arxiv.org/abs/1907.09090v1
Arxiv	06f4457ed18d11ea9a8facde48001122	Universality of the Langevin diffusion as scaling limit of a family of  Metropolis-Hastings processes I: fixed dimension	math.PR	http://arxiv.org/abs/1907.10318v2
Arxiv	08ec79f0d18d11ea9a8facde48001122	Mini-batch Metropolis-Hastings MCMC with Reversible SGLD Proposal	stat.ML	http://arxiv.org/abs/1908.02910v2
Arxiv	0b744842d18d11ea9a8facde48001122	Approximate Sampling using an Accelerated Metropolis-Hastings based on  Bayesian Optimization and Gaussian Processes	cs.LG	http://arxiv.org/abs/1910.09347v1
Arxiv	0e28414cd18d11ea9a8facde48001122	On the Theoretical Properties of the Exchange Algorithm	stat.CO	http://arxiv.org/abs/2005.09235v3
Arxiv	10785b76d18d11ea9a8facde48001122	Asymptotically Optimal Exact Minibatch Metropolis-Hastings	cs.LG	http://arxiv.org/abs/2006.11677v2
Arxiv	1311edc0d18d11ea9a8facde48001122	Comparison of asymptotic variances of inhomogeneous Markov chains with  application to Markov chain Monte Carlo methods	stat.ME	http://arxiv.org/abs/1307.3719v4
Arxiv	14a7c704d18d11ea9a8facde48001122	An extended space approach for particle Markov chain Monte Carlo methods	stat.ME	http://arxiv.org/abs/1406.5795v2
Arxiv	1886f980d18d11ea9a8facde48001122	Log-concave sampling: Metropolis-Hastings algorithms are fast	stat.ML	http://arxiv.org/abs/1801.02309v4
Arxiv	1c28a3ead18d11ea9a8facde48001122	Optimal scaling for partially updating MCMC algorithms	math.PR	http://arxiv.org/abs/math/0607054v1
Arxiv	1dbe1d16d18d11ea9a8facde48001122	Harris recurrence of Metropolis-within-Gibbs and trans-dimensional  Markov chains	math.PR	http://arxiv.org/abs/math/0702412v1
Arxiv	1f538a26d18d11ea9a8facde48001122	A shrinkage-thresholding Metropolis adjusted Langevin algorithm for  Bayesian variable selection	math.ST	http://arxiv.org/abs/1312.5658v3
Arxiv	21c867f4d18d11ea9a8facde48001122	Adaptive Component-wise Multiple-Try Metropolis Sampling	stat.CO	http://arxiv.org/abs/1603.03510v2
Arxiv	23f70dc8d18d11ea9a8facde48001122	A Parallel Evolutionary Multiple-Try Metropolis Markov Chain Monte Carlo  Algorithm for Sampling Spatial Partitions	stat.CO	http://arxiv.org/abs/2007.11461v1
Arxiv	2d9b1252d18d11ea9a8facde48001122	Faster Walks in Graphs: A $\tilde O(n^2)$ Time-Space Trade-off for  Undirected s-t Connectivity	cs.DS	http://arxiv.org/abs/1204.1136v3
Arxiv	300f7384d18d11ea9a8facde48001122	Group Importance Sampling for Particle Filtering and MCMC	stat.CO	http://arxiv.org/abs/1704.02771v4
Arxiv	3402d026d18d11ea9a8facde48001122	Practical drift conditions for subgeometric rates of convergence	math.PR	http://arxiv.org/abs/math/0407122v1
Arxiv	3598bdf6d18d11ea9a8facde48001122	A New Technique for Sampling Multi-Modal Distributions	physics.comp-ph	http://arxiv.org/abs/physics/9903044v1
Arxiv	38a03c86d18d11ea9a8facde48001122	Ring Identification and Pattern Recognition in Ring Imaging Cherenkov  (RICH) Detectors	physics.ins-det	http://arxiv.org/abs/physics/0508034v1
Arxiv	3a34d5fcd18d11ea9a8facde48001122	Variance bounding Markov chains	math.PR	http://arxiv.org/abs/0806.2747v1
Arxiv	3bc93b1ad18d11ea9a8facde48001122	Parallel hierarchical sampling: a practical multiple-chains sampler for  Bayesian model selection	stat.CO	http://arxiv.org/abs/0812.1484v1
Arxiv	3e3d4288d18d11ea9a8facde48001122	An Adaptive Markov Chain Monte Carlo Method for GARCH Model	q-fin.CP	http://arxiv.org/abs/0901.0992v1
Arxiv	3fd339d6d18d11ea9a8facde48001122	Bayesian Inference from Composite Likelihoods, with an Application to  Spatial Extremes	stat.ME	http://arxiv.org/abs/0911.5357v2
Arxiv	430b7442d18d11ea9a8facde48001122	On Functional CLT for Reversible Markov Chains with nonlinear growth of  the Variance	math.PR	http://arxiv.org/abs/1112.2751v3
Arxiv	451051ead18d11ea9a8facde48001122	A Class Coupler for Perfect Sampling from Continuous Distributions With  and Without Atoms	stat.ME	http://arxiv.org/abs/1202.0078v1
Arxiv	470ebc2ad18d11ea9a8facde48001122	On Bayesian quantile regression curve fitting via auxiliary variables	stat.ME	http://arxiv.org/abs/1202.5883v1
Arxiv	49808740d18d11ea9a8facde48001122	A Sampling Strategy for High-Dimensional Spaces Applied to Free-Form  Gravitational Lensing	astro-ph.IM	http://arxiv.org/abs/1207.1722v1
Arxiv	4b238138d18d11ea9a8facde48001122	Higher connectivity of fiber graphs of Gr√∂bner bases	math.CO	http://arxiv.org/abs/1209.1533v2
Arxiv	4fbf3a3ed18d11ea9a8facde48001122	Stochastic Logic Programs: Sampling, Inference and Applications	cs.AI	http://arxiv.org/abs/1301.3846v1
Arxiv	51d19c0ed18d11ea9a8facde48001122	Efficiency of the Wang-Landau algorithm: a simple test case	math.NA	http://arxiv.org/abs/1310.6550v2
Arxiv	545276ecd18d11ea9a8facde48001122	Particle MCMC for Bayesian Microwave Control	stat.CO	http://arxiv.org/abs/1405.2673v1
Arxiv	55ea5254d18d11ea9a8facde48001122	Bayesian Inference for Generalized Extreme Value Distributions via  Hamiltonian Monte Carlo	stat.CO	http://arxiv.org/abs/1410.4534v2
Arxiv	577ed860d18d11ea9a8facde48001122	Extending Bayesian analysis of circular data to comparison of multiple  groups	stat.CO	http://arxiv.org/abs/1505.02556v1
Arxiv	59c195f4d18d11ea9a8facde48001122	Mixing times for the Swapping Algorithm on the Blume-Emery-Griffiths  Model	math.PR	http://arxiv.org/abs/1206.4162v1
Arxiv	5bfd2f36d18d11ea9a8facde48001122	Quenched Invariance Principles via Martingale Approximation	math.PR	http://arxiv.org/abs/1304.4580v1
Arxiv	5dfc320ad18d11ea9a8facde48001122	Generalized Gaussian Random Fields using hidden selections	stat.ME	http://arxiv.org/abs/1402.1144v1
Arxiv	607f5ba6d18d11ea9a8facde48001122	Bayesian Additive Regression Trees With Parametric Models of  Heteroskedasticity	stat.ME	http://arxiv.org/abs/1402.5397v1
Arxiv	62c0fad2d18d11ea9a8facde48001122	Molecular Dynamics Simulations of Field Emission From a Planar Nanodiode	physics.plasm-ph	http://arxiv.org/abs/1412.4537v2
Arxiv	65cdaa5ed18d11ea9a8facde48001122	Embarrassingly Parallel Sequential Markov-chain Monte Carlo for Large  Sets of Time Series	stat.CO	http://arxiv.org/abs/1512.01496v1
Arxiv	6c4a34f6d18d11ea9a8facde48001122	Bayesian inference with an adaptive proposal density for GARCH models	q-fin.CP	http://arxiv.org/abs/0908.2982v1
Arxiv	6de0523cd18d11ea9a8facde48001122	Remarks on the speed of convergence of mixing coefficients and  applications	math.PR	http://arxiv.org/abs/1210.5673v2
Arxiv	6fd8a30ad18d11ea9a8facde48001122	Sparse Bayesian Unsupervised Learning	stat.ML	http://arxiv.org/abs/1401.8017v1
Arxiv	73617baad18d11ea9a8facde48001122	Eigenvalue analysis of an irreversible random walk with skew detailed  balance conditions	cond-mat.stat-mech	http://arxiv.org/abs/1511.08100v3
Arxiv	74f3eaacd18d11ea9a8facde48001122	Decentralized State Estimation via a Hybrid of Consensus and Covariance  intersection	cs.SY	http://arxiv.org/abs/1603.00955v1
Arxiv	783892bcd18d11ea9a8facde48001122	A Dirichlet Form approach to MCMC Optimal Scaling	math.PR	http://arxiv.org/abs/1606.01528v2
Arxiv	7a658978d18d11ea9a8facde48001122	Modelling and computation using NCoRM mixtures for density regression	stat.ME	http://arxiv.org/abs/1608.00874v3
Arxiv	7f2f4cfad18d11ea9a8facde48001122	A Birth and Death Process for Bayesian Network Structure Inference	stat.ML	http://arxiv.org/abs/1610.00189v1
Arxiv	81d62e6ad18d11ea9a8facde48001122	Estimating hyperparameters and instrument parameters in regularized  inversion. Illustration for SPIRE/Herschel map making	astro-ph.IM	http://arxiv.org/abs/1211.3603v1
Arxiv	876ce10cd18d11ea9a8facde48001122	Review on Parameter Estimation in HMRF	stat.ML	http://arxiv.org/abs/1711.07561v1
Arxiv	8a0992acd18d11ea9a8facde48001122	Selecting Initial States from Genetic Tempering for Efficient Monte  Carlo Sampling	cond-mat.stat-mech	http://arxiv.org/abs/1801.09379v1
Arxiv	8ce49a44d18d11ea9a8facde48001122	On the convergence time of some non-reversible Markov chain Monte Carlo  methods	stat.CO	http://arxiv.org/abs/1807.02614v3
Arxiv	93b8a09ad18d11ea9a8facde48001122	Regression by clustering using Metropolis-Hastings	stat.ML	http://arxiv.org/abs/1811.12295v2
Arxiv	974e36fcd18d11ea9a8facde48001122	Bayesian Nonparametric Model for Weighted Data Using Mixture of Burr XII  Distributions	stat.CO	http://arxiv.org/abs/1812.04324v1
Arxiv	99c1086ad18d11ea9a8facde48001122	Irreversible Langevin MCMC on Lie Groups	math.ST	http://arxiv.org/abs/1903.08939v1
Arxiv	9c3ddd2ad18d11ea9a8facde48001122	Markov Chain Monte Carlo on Finite State Spaces	math.ST	http://arxiv.org/abs/1903.09019v5
Arxiv	9e347828d18d11ea9a8facde48001122	An efficient Bayesian experimental calibration of dynamic thermal models	stat.AP	http://arxiv.org/abs/1904.10891v1
Arxiv	9fcb7736d18d11ea9a8facde48001122	A Symmetric Prior for Multinomial Probit Models	stat.ME	http://arxiv.org/abs/1912.10334v4
Arxiv	a22dd74ed18d11ea9a8facde48001122	Quantum self-learning Monte Carlo with quantum Fourier transform sampler	quant-ph	http://arxiv.org/abs/2005.14075v1
Arxiv	a6487b18d18d11ea9a8facde48001122	Generating Fluent Adversarial Examples for Natural Languages	cs.CL	http://arxiv.org/abs/2007.06174v1
Arxiv	a85ae21ad18d11ea9a8facde48001122	An Affine-Invariant Sampler for Exoplanet Fitting and Discovery in  Radial Velocity Data	astro-ph.IM	http://arxiv.org/abs/1104.2612v2
Arxiv	a9f32970d18d11ea9a8facde48001122	Note on the computation of the Metropolis-Hastings ratio for  Birth-or-Death moves in trans-dimensional MCMC algorithms for signal  decomposition problems	stat.CO	http://arxiv.org/abs/1111.6245v2
Arxiv	abe936c0d18d11ea9a8facde48001122	Particle Metropolis-Hastings using gradient and Hessian information	stat.CO	http://arxiv.org/abs/1311.0686v4
Arxiv	ad850ad6d18d11ea9a8facde48001122	Beyond Random Walk and Metropolis-Hastings Samplers: Why You Should Not  Backtrack for Unbiased Graph Sampling	stat.ME	http://arxiv.org/abs/1204.4140v1
Arxiv	b04ef04cd18d11ea9a8facde48001122	Metropolis-Hastings reversiblizations of non-reversible Markov chains	math.PR	http://arxiv.org/abs/1706.00068v3
Arxiv	b1e36e42d18d11ea9a8facde48001122	Exact recording of Metropolis-Hastings-class Monte Carlo simulations  using one bit per sample	physics.comp-ph	http://arxiv.org/abs/1105.2266v1
Arxiv	b3864706d18d11ea9a8facde48001122	Metropolis-Hastings within Partially Collapsed Gibbs Samplers	stat.CO	http://arxiv.org/abs/1309.3217v2
Arxiv	b51ca042d18d11ea9a8facde48001122	Adaptive, delayed-acceptance MCMC for targets with expensive likelihoods	stat.CO	http://arxiv.org/abs/1509.00172v2
Arxiv	b775fe42d18d11ea9a8facde48001122	On the utility of Metropolis-Hastings with asymmetric acceptance ratio	stat.CO	http://arxiv.org/abs/1803.09527v1
Arxiv	bd6304e4d18d11ea9a8facde48001122	On a Metropolis-Hastings importance sampling estimator	stat.CO	http://arxiv.org/abs/1805.07174v3
Arxiv	bf8a2dced18d11ea9a8facde48001122	A Novel Heat Exchanger Design Method Using a Delayed Rejection Adaptive  Metropolis Hasting Algorithm	cs.CE	http://arxiv.org/abs/1810.02243v1
Arxiv	c120d11ad18d11ea9a8facde48001122	On hitting time, mixing time and geometric interpretations of  Metropolis-Hastings reversiblizations	math.PR	http://arxiv.org/abs/1810.11763v2
Arxiv	c2beff42d18d11ea9a8facde48001122	On the Riemannian barycentre of a Markov chain	math.PR	http://arxiv.org/abs/1908.08912v2
Arxiv	c49df1c4d18d11ea9a8facde48001122	Accelerating Uncertainty Quantification of Groundwater Flow Modelling  Using Deep Neural Networks	stat.CO	http://arxiv.org/abs/2007.00400v1
