Scopus	tephra deposit inversion by coupling tephrawith the metropolis hastings algorithmalgorithm introduction and demonstration with synthetic datasets	SCOPUS_ID:85099805459	10.1186/s13617-020-00101-4	None	Article	Full Text
Scopus	on the use of whole genome sequence data for across breed genomic prediction and fine scale mapping of qtl	SCOPUS_ID:85101772924	10.1186/s12711-021-00607-4	None	Article	Full Text
Scopus	event chain monte carlo simulations of dense soft matter systems	SCOPUS_ID:85104963797	10.3389/fphy.2021.635886	None	Article	Full Text
Scopus	parameter estimation for composite dynamical systems based on sequential order statistics from burr type xii mixture distribution	SCOPUS_ID:85104868766	10.3390/math9080810	None	Article	Full Text
Scopus	parameter optimization and uncertainty assessment for rainfall frequency modeling using an adaptive metropolis hastings algorithm	SCOPUS_ID:85103073617	10.2166/wst.2021.032	None	Article	Full Text
Scopus	generalized skew laplace random fieldsbayesian spatial prediction for skew and heavy tailed data	SCOPUS_ID:85103016693	10.2991/jsta.d.210111.001	None	Article	Full Text
Scopus	bayesian inference for general half normally distributed lifetime products	SCOPUS_ID:85101493922	10.1088/1757-899X/1043/3/032031	None	Conference Paper	Full Text
Scopus	geometric ergodicity of the random walk metropolis with position dependent proposal covariance	SCOPUS_ID:85101030318	10.3390/math9040341	None	Article	Full Text
Scopus	analysis of the bitcoin stock market indexes using comparative study of two models sv with mcmc algorithm	SCOPUS_ID:85087567017	10.1007/s11156-020-00905-w	None	Article	Full Text
Scopus	bayesian estimation based on sequential order statistics for heterogeneous baseline gompertz distributions	SCOPUS_ID:85099765764	10.3390/math9020145	None	Article	Full Text
Scopus	data driven method for predicting remaining useful life of bearing based on bayesian theory	SCOPUS_ID:85098546143	10.3390/s21010182	None	Article	Full Text
Scopus	application of inverse methodology to estimate unknown parameters of the mathematical model of biomass solar pyrolysis	SCOPUS_ID:85090736587	10.1016/j.renene.2020.09.018	None	Article	Full Text
Scopus	objective bayesian analysis for the differential entropy of the weibull distribution	SCOPUS_ID:85089558532	10.1016/j.apm.2020.07.016	None	Article	Full Text
Scopus	reliability analysis of gasifier lock bucket valve system based on dbn method	SCOPUS_ID:85104564870	10.1155/2021/8840545	None	Article	Full Text
Scopus	semiparametric mixed effects ordinary differential equation models with heavy tailed distributions	SCOPUS_ID:85103576830	10.1007/s13253-021-00446-2	None	Article	Full Text
Scopus	examining the relationship between electricity consumptionfinancial development and economic growth in asean countriesevidence from a bayesian analysis	SCOPUS_ID:85100340075	10.32479/ijeep.10642	None	Article	Full Text
Scopus	dynamic cumulative residual rényi entropy for lomax distributionbayesian and non bayesian methods	SCOPUS_ID:85100232366	10.3934/math.2021231	None	Article	Full Text
Scopus	bayesian inference of dynamic cumulative residual entropy from pareto ii distribution with application to covid 19	SCOPUS_ID:85097547987	10.3934/math.2021133	None	Article	Full Text
Scopus	affine transformation invariant clustering models	SCOPUS_ID:85094200161	10.1186/s40488-020-00111-y	None	Article	Full Text
Scopus	computational data mining method for isotopomer analysis in the quantitative assessment of metabolic reprogramming	SCOPUS_ID:85077851437	10.1038/s41598-019-57146-8	None	Article	Full Text
Scopus	improved distributed particle filter architecture with novel resampling algorithm for signal tracking	SCOPUS_ID:85097758966	10.5829/ije.2020.33.12c.07	None	Article	Full Text
Scopus	bayesian inference in extremes using the four parameter kappa distribution	SCOPUS_ID:85097559363	10.3390/math8122180	None	Article	Full Text
Scopus	quasi stationary monte carlo and the scale algorithm	SCOPUS_ID:85093956714	10.1111/rssb.12365	None	Article	Full Text
Scopus	heuristic recurrent algorithms for photonic ising machines	SCOPUS_ID:85077856867	10.1038/s41467-019-14096-z	None	Article	Full Text
Scopus	a survey of monte carlo methods for parameter estimation	SCOPUS_ID:85085689048	10.1186/s13634-020-00675-6	None	Review	Full Text
Scopus	efficient reliability assessment method for bridges based on markov chain monte carlo (mcmcwith metropolis hasting algorithm (mha)	SCOPUS_ID:85096611718	10.1088/1755-1315/580/1/012030	None	Conference Paper	Full Text
Scopus	inferring of regulatory networks from expression data using bayesian networks	SCOPUS_ID:85097564276	10.17586/2226-1494-2020-20-6-835-840	None	Article	Full Text
Scopus	estimation of the reliability of a stress–strength system from poisson half logistic distribution	SCOPUS_ID:85096373978	10.3390/e22111307	None	Article	Full Text
Scopus	a new family of discrete distributions with mathematical propertiescharacterizationsbayesian and non bayesian estimation methods	SCOPUS_ID:85093114925	10.3390/math8101648	None	Article	Full Text
Scopus	estimating cdms using the slice within gibbs sampler	SCOPUS_ID:85092320967	10.3389/fpsyg.2020.02260	None	Article	Full Text
Scopus	gibbs slice sampling algorithm for estimating the four parameter logistic model	SCOPUS_ID:85091956491	10.3389/fpsyg.2020.02121	None	Article	Full Text
Scopus	an intelligence eeg signal recognition method via noise insensitive tsk fuzzy system based on interclass competitive learning	SCOPUS_ID:85091223265	10.3389/fnins.2020.00837	None	Article	Full Text
Scopus	data influence analytics in predictive models applied to asthma disease	SCOPUS_ID:85091492674	10.3390/math8091587	None	Article	Full Text
Scopus	capabilities of multivariate bayesian inference toward seismic hazard assessment	SCOPUS_ID:85087380454	10.1007/s11069-020-04122-5	None	Article	Full Text
Scopus	risk estimation and prediction of the transmission of coronavirus disease 201(covid 19in the mainland of china excluding hubei province	SCOPUS_ID:85090018593	10.1186/s40249-020-00683-6	None	Article	Full Text
Scopus	using the contact network model and metropolis hastings sampling to reconstruct the covid 1spread on the “diamond princess”	SCOPUS_ID:85084049698	10.1016/j.scib.2020.04.043	None	Article	Full Text
Scopus	disaggregating a regional extent digital soil map using bayesian area to point regression kriging for farm scale soil carbon assessment	SCOPUS_ID:85091664286	10.5194/soil-6-359-2020	None	Article	Full Text
Scopus	a general three parameter logistic model with time effect	SCOPUS_ID:85089822179	10.3389/fpsyg.2020.01791	None	Article	Full Text
Scopus	convergence rates in geometricergodicity for discrete time markov chains	SCOPUS_ID:85095858157	10.1360/N012018-00291	None	Article	Full Text
Scopus	the periodic pulse photothermal radiometry technique within the front face configuration	SCOPUS_ID:85081987258	10.1016/j.measurement.2020.107691	None	Article	Full Text
Scopus	efficient quantum walk circuits for metropolis hastings algorithm	SCOPUS_ID:85091440039	10.22331/Q-2020-06-29-287	None	Article	Full Text
Scopus	bayesian inference for mixtures of von mises distributions using reversible jump mcmc sampler	SCOPUS_ID:85083491804	10.1080/00949655.2020.1740997	None	Article	Full Text
Scopus	statistical inference of the lifetime performance index with the log logistic distribution based on progressive first failure censored data	SCOPUS_ID:85087458209	10.3390/SYM12060937	None	Article	Full Text
Scopus	delayed rejection metropolis light transport	SCOPUS_ID:85086575430	10.1145/3388538	None	Article	Full Text
Scopus	individual level modelling of infectious disease dataepiilm	SCOPUS_ID:85099055382	10.32614/rj-2020-020	None	Article	Full Text
Scopus	decompounding discrete distributionsa nonparametric bayesian approach	SCOPUS_ID:85076211562	10.1111/sjos.12413	None	Article	Full Text
Scopus	impact of household quarantine on sars cov infection in mainland chinaa mean field modelling approach	SCOPUS_ID:85090015748	10.3934/MBE.2020248	None	Article	Full Text
Scopus	the bayesian superorganismexternalized memories facilitate distributed sampling	SCOPUS_ID:85086685658	10.1098/rsif.2019.0848	None	Article	Full Text
Scopus	covid 1uk lockdown forecasts and r<inf>0</inf>	SCOPUS_ID:85086460162	10.3389/fpubh.2020.00256	None	Article	Full Text
Scopus	parameter and reliability inferences of inverted exponentiated half logistic distribution under the progressive first failure censoring	SCOPUS_ID:85085506667	10.3390/MATH8050708	None	Article	Full Text
Scopus	approximation and sampling of multivariate probability distributions in the tensor train decomposition	SCOPUS_ID:85074850197	10.1007/s11222-019-09910-z	None	Article	Full Text
Scopus	estimation and prediction for the power exponential hazard rate distribution based on record data	SCOPUS_ID:85073989429	10.1080/01966324.2019.1664957	None	Article	Full Text
Scopus	ship source level estimation and uncertainty quantification in shallow water via bayesian marginalization	SCOPUS_ID:85084284242	10.1121/10.0001096	None	Article	Full Text
Scopus	microstructure sensitive critical plastic strain energy density criterion for fatigue life prediction across various loading regimes	SCOPUS_ID:85083018779	10.1098/rspa.2019.0766	None	Article	Full Text
Scopus	bayesian estimation of the dina model with pólya gamma gibbs sampling	SCOPUS_ID:85082662676	10.3389/fpsyg.2020.00384	None	Article	Full Text
Scopus	procedural reconstruction of 3d indoor models from lidar data using reversible jump markov chain monte carlo	SCOPUS_ID:85081898458	10.3390/rs12050838	None	Article	Full Text
Scopus	bayesian probabilistic prediction of precipitation behavior in ni ti shape memory alloys	SCOPUS_ID:85073633208	10.1016/j.commatsci.2019.109334	None	Article	Full Text
Scopus	accelerated life test method for the doubly truncated burr type xii distribution	SCOPUS_ID:85080147413	10.3390/math8020162	None	Article	Full Text
Scopus	tracking and climbing behavior recognition of heavy duty trucks on roadways	SCOPUS_ID:85079169418	10.1177/1550147720903620	None	Article	Full Text
Scopus	bayesian estimation of generalized partition of unity copulas	SCOPUS_ID:85091501302	10.1515/demo-2020-0007	None	Article	Full Text
Scopus	applicability of generalized metropolis hastings algorithm to estimating aggregate functions in wireless sensor networks	SCOPUS_ID:85092774199	10.25046/AJ050528	None	Article	Full Text
Scopus	adversarial system variant approximation to quantify process model generalization	SCOPUS_ID:85102758024	10.1109/ACCESS.2020.3033450	None	Article	Full Text
Scopus	optimal topology search for fast model averaging in decentralized parallel sgd	SCOPUS_ID:85085735874	10.1007/978-3-030-47436-2_67	None	Conference Paper	Full Text
Scopus	random walk metropolis algorithm in high dimension with non gaussian target distributions	SCOPUS_ID:85063085528	10.1016/j.spa.2019.03.002	None	Article	Full Text
Scopus	frequentist and bayesian regression approaches for determining risk factors of child mortality in ghana	SCOPUS_ID:85094219840	10.1155/2020/8168479	None	Article	Full Text
Scopus	bayesian quantile regression with mixed discrete and nonignorable missing covariates	SCOPUS_ID:85083264352	10.1214/19-BA1165	None	Article	Full Text
Scopus	a new bayesian single index model with or without covariates missing at random	SCOPUS_ID:85089537839	10.1214/19-BA1170	None	Article	Full Text
Scopus	learning by doing effectevidence from firms of an emerging economy	SCOPUS_ID:85087444372	10.5267/j.ac.2020.6.003	None	Article	Full Text
Scopus	recent advances on the estimation of the thermal reaction norm for sex ratios	SCOPUS_ID:85083482513	10.7717/peerj.8451	None	Article	Full Text
Scopus	f saema fast stochastic approximation of the em algorithm for nonlinear mixed effects models	SCOPUS_ID:85069651830	10.1016/j.csda.2019.07.001	None	Article	Full Text
Scopus	markov chain monte carlo based energy use behaviors prediction of office occupants	SCOPUS_ID:85078697771	10.3390/a13010021	None	Article	Full Text
Scopus	rayleigh random flights on the poisson line sirsn	SCOPUS_ID:85095987119	10.1214/20-EJP526	None	Article	Full Text
Scopus	bayesian approach to the zinc extraction curve of soil with sewage sludge	SCOPUS_ID:85079501708	10.4025/actascitechnol.v42i1.46893	None	Article	Full Text
Scopus	generating energy data for machine learning with recurrent generative adversarial networks	SCOPUS_ID:85077467183	10.3390/en13010130	None	Article	Full Text
Scopus	forecasting surabaya rainfall in 201using first order autoregressive model through inla bayesian approach	SCOPUS_ID:85078167833	10.1088/1742-6596/1417/1/012011	None	Conference Paper	Full Text
Scopus	a state space approach to dynamic modeling of mouse tracking data	SCOPUS_ID:85077328753	10.3389/fpsyg.2019.02716	None	Article	Full Text
Scopus	symbol emergence as an interpersonal multimodal categorization	SCOPUS_ID:85077280556	10.3389/frobt.2019.00134	None	Article	Full Text
Scopus	unsupervised joint deconvolution and segmentation method for textured imagesa bayesian approach and an advanced sampling algorithm	SCOPUS_ID:85062591582	10.1186/s13634-018-0597-x	None	Article	Full Text
Scopus	implicitly localized mcmc sampler to cope with non local/non linear data constraints in large size inverse problems	SCOPUS_ID:85077604641	10.3389/fams.2019.00058	None	Article	Full Text
Scopus	federated topic modeling	SCOPUS_ID:85075470633	10.1145/3357384.3357909	None	Conference Paper	Full Text
Scopus	mcmc techniques for parameter estimation of ode based models in systems biology	SCOPUS_ID:85077575388	10.3389/fams.2019.00055	None	Article	Full Text
Scopus	scla lattice based approach to infer 3d chromosome structures from single cell hi c data	SCOPUS_ID:85070803467	10.1093/bioinformatics/btz181	None	Article	Full Text
Scopus	adaptive incremental mixture markov chain monte carlo	SCOPUS_ID:85067652598	10.1080/10618600.2019.1598872	None	Article	Full Text
Scopus	a global sampler of single particle tracking solutions for single molecule microscopy	SCOPUS_ID:85074238734	10.1371/journal.pone.0221865	None	Article	Full Text
Scopus	a bayesian hidden potts mixture model for analyzing lung cancer pathology images	SCOPUS_ID:85073562318	10.1093/biostatistics/kxy019	None	Article	Full Text
Scopus	bayesian inference of p(x &ltyfor burr type xii distribution based on progressively first failure censored samples	SCOPUS_ID:85072339516	10.3390/math7090794	None	Article	Full Text
Scopus	a hybrid inversion scheme combining markov chain monte carlo and iterative methods for determining optical properties of random media	SCOPUS_ID:85072243091	10.3390/app9173500	None	Article	Full Text
Scopus	a bayesian mark interaction model for analysis of tumor pathology images	SCOPUS_ID:85073788613	10.1214/19-AOAS1254	None	Article	Full Text
Scopus	a comparison of some bayesian and classical procedures for simultaneous equation models with weak instruments	SCOPUS_ID:85070446534	10.3390/econometrics7030033	None	Article	Full Text
Scopus	generalized linier autoregressive moving average (glarmanegative binomial regression models with metropolis hasting algorithm	SCOPUS_ID:85069441637	10.1088/1757-899X/546/5/052023	None	Conference Paper	Full Text
Scopus	bayesian structural identification of a long suspension bridge considering temperature and traffic load effects	SCOPUS_ID:85059958639	10.1177/1475921718794299	None	Article	Full Text
Scopus	an application of the markov chain monte carlo (mcmcmethod to open cluster membership determination	SCOPUS_ID:85068798310	10.1088/1742-6596/1231/1/012029	None	Conference Paper	Full Text
Scopus	survival function model estimation for parkinson disease using independent metropolis hastings algorithm with uniform proposal distribution in bayesian inference	SCOPUS_ID:85073890270	10.1088/1742-6596/1217/1/012058	None	Conference Paper	Full Text
Scopus	bayesian inference for stable lévy–driven stochastic differential equations with high frequency data	SCOPUS_ID:85056771384	10.1111/sjos.12362	None	Article	Full Text
Scopus	effects of the temporal aggregation and meteorological conditions on the parameter robustness of oco sif based and lue based gpp models for croplands	SCOPUS_ID:85067418413	10.3390/rs11111328	None	Article	Full Text
Scopus	comparison of hydraulic and tracer tomography for discrete fracture network inversion	SCOPUS_ID:85068845595	10.3390/geosciences9060274	None	Article	Full Text
Scopus	a stochastic approach to automated reconstruction of 3d models of interior spaces from point clouds	SCOPUS_ID:85067449252	10.5194/isprs-annals-IV-2-W5-299-2019	None	Conference Paper	Full Text
Scopus	the hybrid parameter learning algorithm development for dynamic bayesian network in the context of the metropolis hastings approach	SCOPUS_ID:85065569619	10.1088/1742-6596/1203/1/012084	None	Conference Paper	Full Text
Scopus	stochastic block modelsa comparison of variants and inference methods	SCOPUS_ID:85065251601	10.1371/journal.pone.0215296	None	Article	Full Text
Scopus	cauchy difference priors for edge preserving bayesian inversion	SCOPUS_ID:85063072920	10.1515/jiip-2017-0048	None	Article	Full Text
Scopus	sequential monte carlo for on line parameter estimation of a lumped building energy model	SCOPUS_ID:85061078045	10.1016/j.enbuild.2019.01.045	None	Article	Full Text
Scopus	bayesian panel smooth transition model with spatial correlation	SCOPUS_ID:85062415351	10.1371/journal.pone.0211467	None	Article	Full Text
Scopus	cost minimization analysis of gstp1c.313a&gt;g genotyping for the prevention of cisplatin induced nausea and vomitinga bayesian inference approach	SCOPUS_ID:85063003147	10.1371/journal.pone.0213929	None	Article	Full Text
Scopus	bayesian linear size and shape regression with applications to face data	SCOPUS_ID:85053228839	10.1007/s13171-018-0136-8	None	Article	Full Text
Scopus	bayesian uncertainty quantification and information fusion in calphad based thermodynamic modeling	SCOPUS_ID:85056631747	10.1016/j.actamat.2018.11.007	None	Article	Full Text
Scopus	modeling error estimation and response prediction of a 1story building model through a hierarchical bayesian model updating framework	SCOPUS_ID:85063106269	10.3389/fbuil.2019.00007	None	Article	Full Text
Scopus	classical and bayesian random effects meta analysis models with sample quality weights in gene expression studies	SCOPUS_ID:85059635568	10.1186/s12859-018-2491-9	None	Article	Full Text
Scopus	a metropolis hastings sampling of subtrees in graphs	SCOPUS_ID:85071117680	10.17713/ajs.v48i5.880	None	Article	Full Text
Scopus	acoustic impedance inversion using gaussian metropolis–hastings sampling with data driving	SCOPUS_ID:85069609712	10.3390/en12142744	None	Article	Full Text
Scopus	getting started with particle metropolis hastings for inference in nonlinear dynamical models	SCOPUS_ID:85067969565	10.18637/jss.v088.c02	None	Article	Full Text
Scopus	the romanian versus eurozone economy via a dsge model	SCOPUS_ID:85060515524	10.1080/1331677X.2018.1550004	None	Article	Full Text
Scopus	estimation of neural sources from eeg measurements using sequential monte carlo method	SCOPUS_ID:85074665336	10.18280/isi.240408	None	Article	Full Text
Scopus	what is appropriate upper endoscopic interval among dyspeptic patients with previously normal endoscopya multicenter study with bayesian change point analysis	SCOPUS_ID:85074339978	10.5056/jnm19063	None	Article	Full Text
Scopus	erratuma hierarchical multilevel markov chain monte carlo algorithm with applications to uncertainty quantification in subsurface flow (siam asa journal on uncertainty quantification (2015(1071108doi10.1137/130915005)	SCOPUS_ID:85094202920	10.1137/19M1278089	None	Erratum	Full Text
Scopus	fully bayesian estimation of simultaneous regression quantiles under asymmetric laplace distribution specification	SCOPUS_ID:85067820454	10.1155/2019/8610723	None	Article	Full Text
Scopus	optimization of well position and sampling frequency for groundwater monitoring and inverse identification of contamination source conditions using bayestheorem	SCOPUS_ID:85065227402	10.32604/cmes.2019.03825	None	Article	Full Text
Scopus	a bayesian hierarchical model for climatic loads under climate change	SCOPUS_ID:85079320772	10.7712/120219.6342.18579	None	Conference Paper	Full Text
Scopus	the 201noneruptive unrest at the caldera of cerro azul volcano (galápagos islandsrevealed by insar observations and geodetic modelling	SCOPUS_ID:85071965303	10.3390/rs11171992	None	Article	Full Text
Scopus	classical and bayesian studies for a new lifetime model in presence of type ii censoring	SCOPUS_ID:85071775888	10.29220/CSAM.2019.26.4.385	None	Article	Full Text
Scopus	the behaviour of the romanian economy analysed based on a dynamic stochastic general equilibrium model	SCOPUS_ID:85069892348	10.1080/1331677X.2019.1640624	None	Article	Full Text
Scopus	probabilistic programming inference via intensional semantics	SCOPUS_ID:85064943961	10.1007/978-3-030-17184-1_12	None	Conference Paper	Full Text
Scopus	sgmcmcan r package for stochastic gradient markov chain monte carlo	SCOPUS_ID:85074523210	10.18637/jss.v091.i03	None	Article	Full Text
Scopus	spectrum occupancy reconstruction in distributed cognitive radio networks using deep learning	SCOPUS_ID:85061758586	10.1109/ACCESS.2019.2894784	None	Article	Full Text
Scopus	estimation of component reliability in coherent systems with masked data	SCOPUS_ID:85065869535	10.1109/ACCESS.2019.2913675	None	Article	Full Text
Scopus	modelling of extreme rainfall in punjabpakistan using bayesian and frequentist approach	SCOPUS_ID:85077458320	10.15666/aeer/1706_1372913748	None	Article	Full Text
Scopus	learnable markov chain monte carlo sampling methods for lattice gaussian distribution	SCOPUS_ID:85069763276	10.1109/ACCESS.2019.2925530	None	Article	Full Text
Scopus	siclonefitbayesian inference of population structuregenotypeand phylogeny of tumor clones from single cell genome sequencing data	SCOPUS_ID:85074446673	10.1101/gr.243121.118	None	Article	Full Text
Scopus	failure models driven by a self correcting point process in earthquake occurrence modeling	SCOPUS_ID:85062875562	10.1007/s00477-019-01663-5	None	Article	Full Text
Scopus	inferring the three dimensional structures of the x chromosome during x inactivation	SCOPUS_ID:85070832320	10.3934/mbe.2019369	None	Article	Full Text
Scopus	bayesian and non bayesian inference for the generalized pareto distribution based on progressive type ii censored sample	SCOPUS_ID:85059482185	10.3390/math6120319	None	Article	Full Text
Scopus	analysis of measurement data subject to additive and multiplicative effects	SCOPUS_ID:85057449956	10.1088/1742-6596/1065/21/212024	None	Conference Paper	Full Text
Scopus	improving the generation and selection of virtual populations in quantitative systems pharmacology models	SCOPUS_ID:85048722810	10.1016/j.pbiomolbio.2018.06.002	None	Article	Full Text
Scopus	efficient smc <sup>2</supschemes for stochastic kinetic models	SCOPUS_ID:85033456573	10.1007/s11222-017-9789-8	None	Article	Full Text
Scopus	implementation of nonreversible metropolis hastings algorithms	SCOPUS_ID:85054904702	10.1088/1742-6596/1087/2/022004	None	Conference Paper	Full Text
Scopus	metropolis–hastings monte carlo method for neutron emissivity tomographic inversion in tokamak plasma	SCOPUS_ID:85049929850	10.1007/s10894-018-0173-2	None	Article	Full Text
Scopus	gpu accelerated hierarchical bayesian estimation of luminosity functions using flux limited observations with photometric noise	SCOPUS_ID:85056187465	10.1016/j.ascom.2018.10.004	None	Article	Full Text
Scopus	modelling and computation using ncorm mixtures for density regression	SCOPUS_ID:85039782316	10.1214/17-BA1072	None	Article	Full Text
Scopus	the role of geospatial hotspots in the spatial spread of tuberculosis in rural ethiopiaa mathematical model	SCOPUS_ID:85054566534	10.1098/rsos.180887	None	Article	Full Text
Scopus	bayesian computational methods for sampling from the posterior distribution of a bivariate survival modelbased on amh copula in the presence of right censored data	SCOPUS_ID:85053691374	10.3390/e20090642	None	Article	Full Text
Scopus	frequency analysis and uncertainty assessment of annual maximum flood series using bayesian mcmc method	SCOPUS_ID:85052389620	10.1088/1757-899X/392/6/062107	None	Conference Paper	Full Text
Scopus	stochastic tail index model for high frequency financial data with bayesian analysis	SCOPUS_ID:85046647704	10.1016/j.jeconom.2018.03.019	None	Article	Full Text
Scopus	quantifying the uncertainty in model parameters using gaussian process based markov chain monte carlo in cardiac electrophysiology	SCOPUS_ID:85047641088	10.1016/j.media.2018.05.007	None	Article	Full Text
Scopus	bayesian modeling of flood frequency analysis in bangladesh using hamiltonian monte carlo techniques	SCOPUS_ID:85049660376	10.3390/w10070900	None	Article	Full Text
Scopus	bayesian estimation of incompletely observed diffusions	SCOPUS_ID:85030709463	10.1080/17442508.2017.1381097	None	Article	Full Text
Scopus	a unifying framework for joint trait analysis under a non infinitesimal model	SCOPUS_ID:85050824865	10.1093/bioinformatics/bty254	None	Conference Paper	Full Text
Scopus	a rare event approach to high dimensional approximate bayesian computation	SCOPUS_ID:85023207113	10.1007/s11222-017-9764-4	None	Article	Full Text
Scopus	inversion of surface deformation data for rapid estimates of source parameters and uncertaintiesa bayesian approach	SCOPUS_ID:85051075759	10.1029/2018GC007585	None	Article	Full Text
Scopus	application of inverse methodology to estimation of chloride diffusion coefficient in concrete of prestressed precast slab	SCOPUS_ID:85051127416	10.1051/matecconf/201817401008	None	Conference Paper	Full Text
Scopus	a hybrid mcmc sampler for unconditional quantile based on influence function	SCOPUS_ID:85056788703	10.3390/econometrics6020024	None	Article	Full Text
Scopus	reliability based inspection planning of the ship structure exposed to fatigue damages	SCOPUS_ID:85049691672	10.21278/brod69208	None	Article	Full Text
Scopus	estimation of parameters of weibull–gamma distribution based on progressively censored data	SCOPUS_ID:84976514994	10.1007/s00362-016-0787-2	None	Article	Full Text
Scopus	targeting vaccinations for the licensed dengue vaccineconsiderations for serosurvey design	SCOPUS_ID:85049196848	10.1371/journal.pone.0199450	None	Article	Full Text
Scopus	simultaneous estimation of population receptive field and hemodynamic parameters from single point bold responses using metropolis hastings sampling	SCOPUS_ID:85043311755	10.1016/j.neuroimage.2018.01.047	None	Article	Full Text
Scopus	effects of input data content on the uncertainty of simulatingwater resources	SCOPUS_ID:85046880180	10.3390/w10050621	None	Article	Full Text
Scopus	ensemble methods for stochastic networks with special reference to the biological clock of neurospora crassa	SCOPUS_ID:85047177670	10.1371/journal.pone.0196435	None	Article	Full Text
Scopus	spatial evolution of hindmarsh–rose neural network with time delays	SCOPUS_ID:85041600698	10.1007/s11071-018-4088-2	None	Article	Full Text
Scopus	hamiltonian monte carlo inversion of seismic sources in complex media	SCOPUS_ID:85045771621	10.1002/2017JB015249	None	Article	Full Text
Scopus	a bayesian inference approachestimation of heat flux from fin for perturbed temperature data	SCOPUS_ID:85045691299	10.1007/s12046-018-0861-7	None	Article	Full Text
Scopus	modified friedmann equations in braneworld scenario	SCOPUS_ID:85045903155	10.1088/1742-6596/988/1/012007	None	Conference Paper	Full Text
Scopus	a robust non gaussian data assimilation method for highly non linear models	SCOPUS_ID:85044430963	10.3390/atmos9040126	None	Article	Full Text
Scopus	a simple approach to co cooling in molecular clouds	SCOPUS_ID:85044308146	10.1051/0004-6361/201731871	None	Article	Full Text
Scopus	estimating the dina model parameters using the no u turn sampler	SCOPUS_ID:85036577087	10.1002/bimj.201600225	None	Article	Full Text
Scopus	citrate 1.0phytoplankton continuous trait distribution model with one dimensional physical transport applied to the north pacific	SCOPUS_ID:85041452597	10.5194/gmd-11-467-2018	None	Article	Full Text
Scopus	improved nested sampling and surrogate enabled comparison with other marginal likelihood estimators	SCOPUS_ID:85041374489	10.1002/2017WR020782	None	Article	Full Text
Scopus	an auxiliary variable method for markov chain monte carlo algorithms in high dimension	SCOPUS_ID:85061763480	10.3390/e20020110	None	Article	Full Text
Scopus	an efficient minibatch acceptance test for metropolis hastings	SCOPUS_ID:85055694196	10.24963/ijcai.2018/753	None	Conference Paper	Full Text
Scopus	slice sampler algorithm for generalized pareto distribution	SCOPUS_ID:85046349601	10.15672/HJMS.2017.441	None	Article	Full Text
Scopus	comparative analysis of three mcmc methods for estimating garch models	SCOPUS_ID:85054921202	10.1088/1757-899X/403/1/012061	None	Conference Paper	Full Text
Scopus	fast mixing of metropolis hastings with unimodal targets	SCOPUS_ID:85055753961	10.1214/18-ECP170	None	Article	Full Text
Scopus	an ising spin based model to explore efficient flexibility in distributed power systems	SCOPUS_ID:85047616061	10.1155/2018/5905932	None	Article	Full Text
Scopus	constructing metropolis hastings proposals using damped bfgs updates<sup>⁎</sup>	SCOPUS_ID:85054421066	10.1016/j.ifacol.2018.09.208	None	Article	Full Text
Scopus	designing simple and efficient markov chain monte carlo proposal kernels	SCOPUS_ID:85054672211	10.1214/17-BA1084	None	Article	Full Text
Scopus	maximum likelihood identification of wiener hammerstein system with process noise	SCOPUS_ID:85054439469	10.1016/j.ifacol.2018.09.178	None	Article	Full Text
Scopus	erratum tostability of noisy metropolis–hastings (statistics and computing(2016)266(1181211)10.1007/s1122019603)	SCOPUS_ID:85019558971	10.1007/s11222-017-9755-5	None	Erratum	Full Text
Scopus	application of the bayesian dsge model to the international tourism sectorevidence from thailand's economic cycle	SCOPUS_ID:85054623014	10.2495/ST180241	None	Article	Full Text
Scopus	semiparametric bayesian inference on generalized linear measurement error models	SCOPUS_ID:85033466641	10.1007/s00362-016-0739-x	None	Article	Full Text
Scopus	remaining useful life prognostic of power metal oxide semiconductor field effect transistor based on improved particle filter algorithm	SCOPUS_ID:85039899141	10.1177/1687814017749324	None	Article	Full Text
Scopus	spatial temporal data collection with compressive sensing in mobile sensor networks	SCOPUS_ID:85033585906	10.3390/s17112575	None	Article	Full Text
Scopus	a heuristic method for power pylon reconstruction from airborne lidar data	SCOPUS_ID:85035031277	10.3390/rs9111172	None	Article	Full Text
Scopus	importance sampling of rare events in chaotic systems	SCOPUS_ID:85030846362	10.1140/epjb/e2017-80054-3	None	Review	Full Text
Scopus	modelling maximum river flow by using bayesian markov chain monte carlo	SCOPUS_ID:85030709760	10.1088/1742-6596/890/1/012146	None	Conference Paper	Full Text
Scopus	rapid modeling of chinese huizhou traditional vernacular houses	SCOPUS_ID:85030636203	10.1109/ACCESS.2017.2754858	None	Article	Full Text
Scopus	building test data from real outbreaks for evaluating detection algorithms	SCOPUS_ID:85029874461	10.1371/journal.pone.0183992	None	Article	Full Text
Scopus	a bayesian perspective on rss based localization for visible light communication with heterogeneous networks extension	SCOPUS_ID:85028697217	10.1109/ACCESS.2017.2746141	None	Article	Full Text
Scopus	volatility modeling for idr exchange rate through aparch model with studentt distribution	SCOPUS_ID:85028362483	10.1063/1.4995120	None	Conference Paper	Full Text
Scopus	a comparison of monte carlo based bayesian parameter estimation methods for stochastic models of genetic networks	SCOPUS_ID:85027241282	10.1371/journal.pone.0182015	None	Article	Full Text
Scopus	bayeswhama bayesian approach for free energy estimationreweightingand uncertainty quantification in the weighted histogram analysis method	SCOPUS_ID:85018455267	10.1002/jcc.24800	None	Article	Full Text
Scopus	the impact of error accounting in a bayesian approach to calibrating modeled turbulent fluxes in an open canopy forest	SCOPUS_ID:85023161212	10.1175/JHM-D-17-0030.1	None	Article	Full Text
Scopus	monopulse joint parameter estimation of multiple unresolved targets within the radar beam	SCOPUS_ID:85021843162	10.1088/1755-1315/69/1/012155	None	Conference Paper	Full Text
Scopus	distributed aggregate function estimation by biphasically configured metropolis hasting weight model	SCOPUS_ID:85020851736	10.13164/re.2017.0479	None	Article	Full Text
Scopus	bayesian forecasting and uncertainty quantifying of stream flows using metropolis–hastings markov chain monte carlo algorithm	SCOPUS_ID:85018514592	10.1016/j.jhydrol.2017.03.073	None	Article	Full Text
Scopus	bayesian and classical estimation of stress strength reliability for inverse weibull lifetime models	SCOPUS_ID:85021297881	10.3390/a10020071	None	Article	Full Text
Scopus	bayesian inference for latent factor copulas and application to financial risk forecasting	SCOPUS_ID:85054637460	10.3390/econometrics5020021	None	Article	Full Text
Scopus	automated parameter blocking for efficient markov chain monte carlo sampling	SCOPUS_ID:85019086249	10.1214/16-BA1008	None	Article	Full Text
Scopus	analyzing ozone concentration by bayesian spatio temporal quantile regression	SCOPUS_ID:85018983843	10.1002/env.2443	None	Article	Full Text
Scopus	forest modellingthe gamma shape mixture model and simulation of tree diameter distributions	SCOPUS_ID:85016997180	10.1007/s13595-017-0629-y	None	Article	Full Text
Scopus	inverted exponentiated weibull distribution with applications to lifetime data	SCOPUS_ID:85044031585	10.5351/CSAM.2017.24.3.227	None	Article	Full Text
Scopus	stochastic weighted graphsflexible model specification and simulation	SCOPUS_ID:85007203349	10.1016/j.socnet.2016.11.002	None	Article	Full Text
Scopus	seasonal fluctuations of photosynthetic parameters for light use efficiency models and the impacts on gross primary production estimation	SCOPUS_ID:85009861377	10.1016/j.agrformet.2016.12.019	None	Article	Full Text
Scopus	an introduction of markov chain monte carlo method to geochemical inverse problemsreading melting parameters from ree abundances in abyssal peridotites	SCOPUS_ID:85011708535	10.1016/j.gca.2016.12.040	None	Article	Full Text
Scopus	a bayesian model for the prediction and early diagnosis of alzheimer's disease	SCOPUS_ID:85017374924	10.3389/fnagi.2017.00077	None	Article	Full Text
Scopus	applying diffusion based markov chain monte carlo	SCOPUS_ID:85015388642	10.1371/journal.pone.0173453	None	Article	Full Text
Scopus	vmcmca graphical and statistical analysis tool for markov chain monte carlo traces	SCOPUS_ID:85012066451	10.1186/s12859-017-1505-3	None	Article	Full Text
Scopus	bayesian estimation of discrete time cellular neural network coefficients	SCOPUS_ID:85020735615	10.3906/elk-1510-87	None	Article	Full Text
Scopus	neural graphical models over strings for principal parts morphological paradigm completion	SCOPUS_ID:85021768634	10.18653/v1/e17-2120	None	Conference Paper	Full Text
Scopus	barker’s algorithm for bayesian inference with intractable likelihoods	SCOPUS_ID:85038383018	10.1214/17-BJPS374	None	Article	Full Text
Scopus	lung cancer pathological image analysis using a hidden potts model	SCOPUS_ID:85045008127	10.1177/1176935117711910	None	Article	Full Text
Scopus	solution of inverse problems using bayesian approach with application to estimation of material parameters in darcy flow	SCOPUS_ID:85025665571	10.15598/aeee.v15i2.2236	None	Article	Full Text
Scopus	learning co substructures by kernel dependence maximization	SCOPUS_ID:85031924508	10.24963/ijcai.2017/465	None	Conference Paper	Full Text
Scopus	bayesian estimation for the centered parameterization of the skew normal distribution	SCOPUS_ID:85010685753	10.15446/rce.v40n1.55244	None	Article	Full Text
Scopus	varying the resolution of the rouse model on temporal and spatial scalesapplication to multiscale modeling of dna dynamics	SCOPUS_ID:85038934964	10.1137/16M108700X	None	Article	Full Text
Scopus	the r package mitisemefficient and robust simulation procedures for bayesian inference	SCOPUS_ID:85025167450	10.18637/jss.v079.i01	None	Article	Full Text
Scopus	robust bayesian analysis of generalized half logistic distribution	SCOPUS_ID:85020110257	10.19139/soic.v5i2.268	None	Article	Full Text
Scopus	accelerating bayesian inference for evolutionary biology models	SCOPUS_ID:85020128659	10.1093/bioinformatics/btw712	None	Article	Full Text
Scopus	non informative priors for the stress strength reliability in the generalized augmented inverse gaussian distribution	SCOPUS_ID:85013427622	10.23940/ijpe.17.01.p4.4562	None	Article	Full Text
Scopus	hamiltonian monte carlo sampling in bayesian empirical likelihood computation	SCOPUS_ID:84963858052	10.1111/rssb.12164	None	Article	Full Text
Scopus	nonparametric adaptive bayesian regression using priors with tractable normalizing constants and under qualitative assumptions	SCOPUS_ID:84991277481	10.1016/j.ijar.2016.09.011	None	Article	Full Text
Scopus	bayesian estimation of discretely observed multi dimensional diffusion processes using guided proposals	SCOPUS_ID:85020035584	10.1214/17-EJS1290	None	Article	Full Text
Scopus	on the computational complexity of high dimensional bayesian variable selection	SCOPUS_ID:84999779401	10.1214/15-AOS1417	None	Article	Full Text
Scopus	towards a standard sampling methodology on online social networkscollecting global trends on twitter	SCOPUS_ID:85047433649	10.1007/s41109-016-0004-1	None	Article	Full Text
Scopus	non reversible metropolis hastings	SCOPUS_ID:84939455499	10.1007/s11222-015-9598-x	None	Article	Full Text
Scopus	stability of noisy metropolis–hastings	SCOPUS_ID:84946780214	10.1007/s11222-015-9604-3	None	Article	Full Text
Scopus	stochastic newton samplerthe r package sns	SCOPUS_ID:84994576207	10.18637/jss.v074.c02	None	Article	Full Text
Scopus	estimation of spatially varying heat transfer coefficient from a flat plate with flush mounted heat sources using bayesian inference	SCOPUS_ID:84995485127	10.1088/1742-6596/745/3/032094	None	Conference Paper	Full Text
Scopus	multiscale implementation of infinite swap replica exchange molecular dynamics	SCOPUS_ID:84991687503	10.1073/pnas.1605089113	None	Article	Full Text
Scopus	establishing some order amongst exact approximations of mcmcs	SCOPUS_ID:84994528926	10.1214/15-AAP1158	None	Article	Full Text
Scopus	adaptive optimal scaling of metropolis–hastings algorithms using the robbins–monro process	SCOPUS_ID:84977627574	10.1080/03610926.2014.936562	None	Article	Full Text
Scopus	map estimators for piecewise continuous inversion	SCOPUS_ID:85009209223	10.1088/0266-5611/32/10/105003	None	Article	Full Text
Scopus	stochastic simulation for the precipitation frequency over some brazilian cities through the metropolis–hastings algorithm	SCOPUS_ID:84978933386	10.1002/met.1566	None	Article	Full Text
Scopus	a comparison of estimation methods for a multi unidimensional graded response irt model	SCOPUS_ID:84979983635	10.3389/fpsyg.2016.00880	None	Article	Full Text
Scopus	striated metropolis hastings sampler for high dimensional models	SCOPUS_ID:84977952460	10.1016/j.jeconom.2016.02.007	None	Article	Full Text
Scopus	expert information and nonparametric bayesian inference of rare events	SCOPUS_ID:84963831941	10.1214/15-BA956	None	Article	Full Text
Scopus	using hierarchical centering to facilitate a reversible jump mcmc algorithm for random effects models	SCOPUS_ID:84955591554	10.1016/j.csda.2015.12.010	None	Article	Full Text
Scopus	modeling interdependent animal movement in continuous time	SCOPUS_ID:85027955329	10.1111/biom.12454	None	Article	Full Text
Scopus	a bayesian hierarchical spatial model for dental caries assessment using non gaussian markov random fields	SCOPUS_ID:84979936602	10.1214/16-AOAS917	None	Article	Full Text
Scopus	bayesian quantile regression for ordinal models	SCOPUS_ID:84964294563	10.1214/15-BA939	None	Article	Full Text
Scopus	bayesian estimation of the hydraulic and solute transport properties of a small scale unsaturated soil column	SCOPUS_ID:84956615333	10.1515/johh-2016-0002	None	Article	Full Text
Scopus	parallelization experience with four canonical econometric models using parmitisem	SCOPUS_ID:85057226725	10.3390/econometrics4010011	None	Article	Full Text
Scopus	bayesian inference of subglacial topography using mass conservation	SCOPUS_ID:84994632750	10.3389/feart.2016.00008	None	Article	Full Text
Scopus	solving stochastic chemical kinetics by metropolis hastings sampling	SCOPUS_ID:84969143085	10.11948/2016025	None	Article	Full Text
Scopus	efficient metropolis hastings proposal mechanisms for bayesian regression tree models	SCOPUS_ID:85042067846	10.1214/16-BA999	None	Article	Full Text
Scopus	on line full probability distribution identification of arx model parameters based on bayesian approach	SCOPUS_ID:84991031777	10.1016/j.ifacol.2016.07.393	None	Article	Full Text
Scopus	occlusion aware 3d morphable face models	SCOPUS_ID:85044308744	10.5244/C.30.64	None	Conference Paper	Full Text
Scopus	contributed discussion on article by pratola	SCOPUS_ID:85046666681	10.1214/16-BA999H	None	Article	Full Text
Scopus	markov chain monte carlo used in parameter inference of magnetic resonance spectra	SCOPUS_ID:84960416358	10.3390/e18020057	None	Article	Full Text
Scopus	embarrassingly parallel sequential markov chain monte carlo for large sets of time series	SCOPUS_ID:84994137610	10.4310/SII.2016.v9.n4.a9	None	Article	Full Text
Scopus	fitting and analyzing randomly censored geometric extreme exponential distribution	SCOPUS_ID:84973364593	10.18187/pjsor.v12i2.1242	None	Article	Full Text
Scopus	preconditioned metropolis sampling as a strategy to improve efficiency in posterior exploration	SCOPUS_ID:85008367692	10.1016/j.ifacol.2016.12.108	None	Article	Full Text
Scopus	rank tests from partially ordered data using importance and mcmc sampling methods	SCOPUS_ID:84991463531	10.1214/16-STS549	None	Article	Full Text
Scopus	bayesian inversion of marine controlled source electromagnetic data offshore vancouver islandcanada	SCOPUS_ID:84958647648	10.1093/gji/ggv437	None	Article	Full Text
Scopus	improving the computational efficiency of fully bayes inference and assessing the effect of misspecification of hyperparameters in whole genome prediction models	SCOPUS_ID:84928726247	10.1186/s12711-015-0092-x	None	Article	Full Text
Scopus	spectral bounds for certain two factor non reversible mcmc algorithms	SCOPUS_ID:84962052984	10.1214/ECP.v20-4528	None	Article	Full Text
Scopus	random partition models and complementary clustering of anglo saxon place names	SCOPUS_ID:84960400070	10.1214/15-AOAS884	None	Article	Full Text
Scopus	a fast and efficient gibbs sampler for bayesb in whole genome analyses	SCOPUS_ID:84944053002	10.1186/s12711-015-0157-x	None	Article	Full Text
Scopus	outlier detection using generalized linear model in malaysian breast cancer data	SCOPUS_ID:84951986604	10.17576/jsm-2015-4410-06	None	Article	Full Text
Scopus	bayesian approach to identify the bit–rock interaction parameters of a drill string dynamical model	SCOPUS_ID:84938896473	10.1007/s40430-014-0234-z	None	Article	Full Text
Scopus	a bayesian generalized random regression model for estimating heritability using overdispersed count data	SCOPUS_ID:84931057640	10.1186/s12711-015-0125-5	None	Article	Full Text
Scopus	extremes control of complex systems with applications to social networks	SCOPUS_ID:84953888574	10.1016/j.ifacol.2015.06.264	None	Conference Paper	Full Text
Scopus	quasi newton particle metropolis hastings	SCOPUS_ID:84988474980	10.1016/j.ifacol.2015.12.258	None	Article	Full Text
Scopus	asymptotic variance of stationary reversible and normal markov processes	SCOPUS_ID:84930684543	10.1214/EJP.v20-3183	None	Article	Full Text
Scopus	fastflexible models for discovering topic correlation across weakly related collections	SCOPUS_ID:84959879094	10.18653/v1/d15-1179	None	Conference Paper	Full Text
Scopus	joint modeling of longitudinal drug using pattern and time to first relapse in cocaine dependence treatment data	SCOPUS_ID:84947240632	10.1214/15-AOAS852	None	Article	Full Text
Scopus	optimal scaling for the transient phase of the random walk metropolis algorithmthe mean field limit	SCOPUS_ID:84936803763	10.1214/14-AAP1048	None	Article	Full Text
Scopus	a bayesian beta markov random field calibration of the term structure of implied risk neutral densities	SCOPUS_ID:84941560140	10.1214/15-BA960SI	None	Article	Full Text
Scopus	a bayesian predictive discriminant analysis with screened data	SCOPUS_ID:84945152184	10.3390/e17096481	None	Article	Full Text
Scopus	convergence properties of pseudo marginal markov chain monte carlo algorithms	SCOPUS_ID:84923502443	10.1214/14-AAP1022	None	Article	Full Text
Scopus	an empirical prior improves accuracy for bayesian estimation of transcription factor binding site frequencies within gene promoters	SCOPUS_ID:85012282823	10.4137/BBI.S29330	None	Article	Full Text
Scopus	bayesian network reconstruction using systems genetics datacomparison of mcmc methods	SCOPUS_ID:84926433356	10.1534/genetics.114.172619	None	Article	Full Text
Scopus	a general construction for parallelizing metropolis hastings algorithms	SCOPUS_ID:84918544067	10.1073/pnas.1408184111	None	Article	Full Text
Scopus	weak convergence rates of population versus single chain stochastic approximation mcmc algorithms	SCOPUS_ID:84919348529	10.1239/aap/1418396243	None	Article	Full Text
Scopus	stochastic tracking of infection in a cf lung	SCOPUS_ID:84910022099	10.1371/journal.pone.0111245	None	Article	Full Text
Scopus	early life hepatitis e infection in pigsthe importance of maternally derived antibodies	SCOPUS_ID:84940292846	10.1371/journal.pone.0105527	None	Article	Full Text
Scopus	noisy gradient flow from a random walk in hilbert space	SCOPUS_ID:84936770469	10.1007/s40072-014-0029-3	None	Article	Full Text
Scopus	error bounds for metropolis hastings algorithms applied to perturbations of gaussian measures in high dimensions	SCOPUS_ID:84892417584	10.1214/13-AAP926	None	Article	Full Text
Scopus	comparison of sampling techniques for bayesian parameter estimation	SCOPUS_ID:84891347355	10.1093/mnras/stt2190	None	Article	Full Text
Scopus	multiple try metropolis hastings for modeling extreme pm<sup>10</supdata	SCOPUS_ID:84904644851	10.1063/1.4887718	None	Conference Paper	Full Text
Scopus	convergence of conditional metropolis hastings samplers	SCOPUS_ID:84903760154	10.1239/aap/1401369701	None	Article	Full Text
Scopus	gibbs sampling based distributed ofdma resource allocation	SCOPUS_ID:84897557250	10.1007/s11432-014-5076-x	None	Article	Full Text
Scopus	markovian stochastic approximation with expanding projections	SCOPUS_ID:84899118901	10.3150/12-BEJ497	None	Article	Full Text
Scopus	particle mcmc for bayesian microwave control	SCOPUS_ID:84908191919	10.1088/1742-6596/542/1/012007	None	Conference Paper	Full Text
Scopus	comparison of asymptotic variances of inhomogeneous markov chains with application to markov chain monte carlo methods	SCOPUS_ID:84987968040	10.1214/14-AOS1209	None	Article	Full Text
Scopus	efficiency of the wang–landau algorithma simple test case	SCOPUS_ID:85009960458	10.1093/amrx/abu003	None	Article	Full Text
Scopus	contingan r package for bayesian analysis of complete and incomplete contingency tables	SCOPUS_ID:84920749060	10.18637/jss.v058.i07	None	Article	Full Text
Scopus	spectral gaps for a metropolis hastings algorithm in infinite dimensions	SCOPUS_ID:84907901459	10.1214/13-AAP982	None	Article	Full Text
Scopus	monte carlo inversion of d magnetic resonance measurements	SCOPUS_ID:84905901588	10.1093/gji/ggu091	None	Article	Full Text
Scopus	zero variance differential geometric markov chain monte carlo algorithms	SCOPUS_ID:84896538040	10.1214/13-BA848	None	Article	Full Text
Scopus	bayesian inference of a multivariate regression model	SCOPUS_ID:84916195630	10.1155/2014/673657	None	Article	Full Text
Scopus	reconstructing evolving signalling networks by hidden markov nested effects models	SCOPUS_ID:84898029437	10.1214/13-AOAS696	None	Article	Full Text
Scopus	bayesian analysis for dynamic generalized linear latent model with application to tree survival rate	SCOPUS_ID:84904624765	10.1155/2014/783494	None	Article	Full Text
Scopus	variance bounding and geometric ergodicity of markov chain monte carlo kernels for approximate bayesian computation	SCOPUS_ID:84907361331	10.1093/biomet/asu027	None	Article	Full Text
Scopus	simple simulation of diffusion bridges with application to likelihood inference for diffusions	SCOPUS_ID:84899101300	10.3150/12-BEJ501	None	Article	Full Text
Scopus	probabilistic graphical model representation in phylogenetics	SCOPUS_ID:84906228797	10.1093/sysbio/syu039	None	Article	Full Text
Scopus	probit models for capture recapture data subject to imperfect detectionindividual heterogeneity and misidentification	SCOPUS_ID:84919424996	10.1214/14-AOAS783	None	Article	Full Text
Scopus	optimal scaling for the transient phase of metropolis hastings algorithmsthe longtime behavior	SCOPUS_ID:84907428796	10.3150/13-BEJ546	None	Article	Full Text
Scopus	run dmcan efficientparallel code for analyzing radial velocity observations using n body integrations and differential evolution markov chain monte carlo	SCOPUS_ID:84893186790	10.1088/0067-0049/210/1/11	None	Article	Full Text
Scopus	optimal tuning of the hybrid monte carlo algorithm	SCOPUS_ID:84888355781	10.3150/12-BEJ414	None	Article	Full Text
Scopus	searching for efficient markov chain monte carlo proposal kernels	SCOPUS_ID:84888350253	10.1073/pnas.1311790110	None	Article	Full Text
Scopus	grid based exploration of cosmological parameter space with snake	SCOPUS_ID:84886849263	10.1088/0004-637X/777/2/172	None	Article	Full Text
Scopus	joint estimation of causal effects from observational and intervention gene expression data	SCOPUS_ID:84886739775	10.1186/1752-0509-7-111	None	Article	Full Text
Scopus	component wise markov chain monte carlouniform and geometric ergodicity under mixing and composition	SCOPUS_ID:84885365910	10.1214/13-STS423	None	Article	Full Text
Scopus	bayesian clustering of replicated time course gene expression data with weak signals	SCOPUS_ID:84885068762	10.1214/13-AOAS650	None	Article	Full Text
Scopus	computational estimation of tricarboxylic acid cycle fluxes using noisy nmr data from cardiac biopsies	SCOPUS_ID:84882312544	10.1186/1752-0509-7-82	None	Article	Full Text
Scopus	the number of required observations in data assimilation for a shallow water flow	SCOPUS_ID:84880758082	10.1175/MWR-D-12-00103.1	None	Article	Full Text
Scopus	bayesian localization of an unknown number of ocean acoustic sources	SCOPUS_ID:84878956503	10.1121/1.4800600	None	Conference Paper	Full Text
Scopus	probabilistic two dimensional joint water column and seabed inversion	SCOPUS_ID:84878987231	10.1121/1.4800601	None	Conference Paper	Full Text
Scopus	travel time estimation for ambulances using bayesian data augmentation	SCOPUS_ID:84879522589	10.1214/13-AOAS626	None	Article	Full Text
Scopus	markov chain monte carloan introduction for epidemiologists	SCOPUS_ID:84877070627	10.1093/ije/dyt043	None	Article	Full Text
Scopus	a vine copula based adaptive mcmc sampler for efficient inference of dynamical systems	SCOPUS_ID:84875110570	10.1214/13-BA801	None	Article	Full Text
Scopus	bayesian inference for generalized linear mixed model based on the multivariate t distribution in population pharmacokinetic study	SCOPUS_ID:84874789206	10.1371/journal.pone.0058369	None	Article	Full Text
Scopus	bayesian analysis of gene essentiality based on sequencing of transposon insertion libraries	SCOPUS_ID:84875136989	10.1093/bioinformatics/btt043	None	Article	Full Text
Scopus	inferring population histories using genome wide allele frequency data	SCOPUS_ID:84873607051	10.1093/molbev/mss257	None	Article	Full Text
Scopus	smoothness of metropolis hastings algorithm and application to entropy estimation	SCOPUS_ID:84996129425	10.1051/ps/2012004	None	Article	Full Text
Scopus	an irreversible markov chain monte carlo method with skew detailed balance conditions	SCOPUS_ID:84891806778	10.1088/1742-6596/473/1/012012	None	Conference Paper	Full Text
Scopus	estimating hyperparameters and instrument parameters in regularized inversion illustration for herschel/spire map making	SCOPUS_ID:84871520609	10.1051/0004-6361/201219950	None	Article	Full Text
Scopus	trans dimensional geoacoustic inversion of wind driven ambient noise	SCOPUS_ID:84872074411	10.1121/1.4771975	None	Article	Full Text
Scopus	empirical study of the garch model with rational errors	SCOPUS_ID:84885656922	10.1088/1742-6596/454/1/012040	None	Conference Paper	Full Text
Scopus	estimating correlated jumps and stochastic volatilities	SCOPUS_ID:84880664760	10.18267/j.pep.451	None	Article	Full Text
Scopus	hybrids of gibbs point process models and their implementation	SCOPUS_ID:84887810434	10.18637/jss.v055.i11	None	Article	Full Text
Scopus	ppsampler2predicting protein complexes more accurately and efficiently by sampling	SCOPUS_ID:84908544846	10.1186/1752-0509-7-S6-S14	None	Article	Full Text
Scopus	joint haplotype phasing and genotype calling of multiple individuals using haplotype informative reads	SCOPUS_ID:84897367480	10.1093/bioinformatics/btt418	None	Article	Full Text
Scopus	numerical study for the nucleation of one dimensional stochastic cahn hilliard dynamics	SCOPUS_ID:84876353617	10.4310/CMS.2012.v10.n4.a4	None	Article	Full Text
Scopus	variable transformation to obtain geometric ergodicity in the random walk metropolis algorithm	SCOPUS_ID:84879185383	10.1214/12-AOS1048	None	Article	Full Text
Scopus	finite adaptation and multistep moves in the metropolis hastings algorithm for variable selection in genome wide association analysis	SCOPUS_ID:84869221100	10.1371/journal.pone.0049445	None	Article	Full Text
Scopus	mcmc odprprimer design optimization using markov chain monte carlo sampling	SCOPUS_ID:84868242984	10.1186/1471-2105-13-287	None	Article	Full Text
Scopus	a sampling strategy for high dimensional spaces applied to free form gravitational lensing	SCOPUS_ID:84891361163	10.1111/j.1365-2966.2012.21673.x	None	Article	Full Text
Scopus	bayesian adaptive markov chain monte carlo estimation of genetic parameters	SCOPUS_ID:84866625510	10.1038/hdy.2012.35	None	Article	Full Text
Scopus	bayesian analysis of exoplanet and binary orbitsdemonstrated using astrometric and radial velocity data of mizar a	SCOPUS_ID:84866278277	10.1051/0004-6361/201219074	None	Article	Full Text
Scopus	bayesian matching of unlabeled point sets using procrustes and configuration models	SCOPUS_ID:84865843509	10.1214/12-BA718	None	Article	Full Text
Scopus	bayesian inference from photometric redshift surveys	SCOPUS_ID:84865394551	10.1111/j.1365-2966.2012.21423.x	None	Article	Full Text
Scopus	probabilities of exoplanet signals from posterior samplings	SCOPUS_ID:84865016052	10.1051/0004-6361/201118114	None	Article	Full Text
Scopus	bayesian model selection validates a biokinetic model for zirconium processing in humans	SCOPUS_ID:84864498617	10.1186/1752-0509-6-95	None	Article	Full Text
Scopus	langevin dynamics with constraints and computation of free energy differences	SCOPUS_ID:84864398758	10.1090/S0025-5718-2012-02594-4	None	Article	Full Text
Scopus	bayesian strategies to assess uncertainty in velocity models	SCOPUS_ID:84860801995	10.1214/12-BA707	None	Article	Full Text
Scopus	handalignbayesian multiple sequence alignmentphylogeny and ancestral reconstruction	SCOPUS_ID:84859784475	10.1093/bioinformatics/bts058	None	Article	Full Text
Scopus	using radiation risk models in cancer screening simulationsimportant assumptions and effects on outcome projections	SCOPUS_ID:84863343704	10.1148/radiol.11110352	None	Article	Full Text
Scopus	exact sampling for intractable probability distributions via a bernoulli factory	SCOPUS_ID:84857093084	10.1214/11-EJS663	None	Article	Full Text
Scopus	fitting complex population models by combining particle filters with markov chain monte carlo	SCOPUS_ID:84860249785	10.1890/11-0797.1	None	Article	Full Text
Scopus	uncertainty in dual permeability model parameters for structured soils	SCOPUS_ID:84856237726	10.1029/2011WR010500	None	Article	Full Text
Scopus	understanding computational bayesian statistics	SCOPUS_ID:84891583780	10.1002/9780470567371	None	Book	Full Text
Scopus	bayesian model selection for beta autoregressive processes	SCOPUS_ID:84865783057	10.1214/12-BA713	None	Article	Full Text
Scopus	improved generic acceptance function for multi point metropolis algorithm	SCOPUS_ID:84871296051	10.2991/emeit.2012.4	None	Conference Paper	Full Text
Scopus	assessment of model adequacy and parameter identifiability for predicting contaminant transport in the beaverlodge lake areacanada	SCOPUS_ID:84867920148	10.2495/WP120141	None	Article	Full Text
Scopus	hyper g priors for generalized linear models	SCOPUS_ID:82455175692	10.1214/11-BA615	None	Article	Full Text
Scopus	mixing time of exponential random graphs	SCOPUS_ID:82655173713	10.1214/10-AAP740	None	Article	Full Text
Scopus	nonequilibrium candidate monte carlo is an efficient tool for equilibrium simulation	SCOPUS_ID:81055141412	10.1073/pnas.1106094108	None	Article	Full Text
Scopus	bayesian calibration of a large scale geothermal reservoir model by a new adaptive delayed acceptance metropolis hastings algorithm	SCOPUS_ID:80055063784	10.1029/2010WR010352	None	Article	Full Text
Scopus	efficient methods for sampling spike trains in networks of coupled neurons	SCOPUS_ID:84860636947	10.1214/11-AOAS467	None	Article	Full Text
Scopus	a metropolis hastings based method for sampling from the g wishart distribution in gaussian graphical models	SCOPUS_ID:79960979719	10.1214/11-EJS594	None	Article	Full Text
Scopus	global transcription regulation of rkplasmidsa case study in the combined use of dynamical mathematical models and statistical inference for integration of experimental data and hypothesis exploration	SCOPUS_ID:79960886799	10.1186/1752-0509-5-119	None	Article	Full Text
Scopus	bayesian inference for irreducible diffusion processes using the pseudo marginal approach	SCOPUS_ID:79958760698	10.1214/11-BA608	None	Article	Full Text
Scopus	a hierarchical bayesian approach to record linkage and population size problems	SCOPUS_ID:84867545590	10.1214/10-AOAS447	None	Article	Full Text
Scopus	a bayesian approach for inferring neuronal connectivity from calcium fluorescent imaging data	SCOPUS_ID:84863861279	10.1214/09-AOAS303	None	Article	Full Text
Scopus	a fuzzy/bayesian approach for the time series change point detection problem	SCOPUS_ID:80051726648	10.1590/S0101-74382011000200002	None	Article	Full Text
Scopus	non linearity in bayesian d magnetotelluric inversion	SCOPUS_ID:79954586774	10.1111/j.1365-246X.2011.04996.x	None	Article	Full Text
Scopus	time seriesapplications to finance with r and s plus®second edition	SCOPUS_ID:84949785312	10.1002/9781118032466	None	Book	Full Text
Scopus	a vanilla rao blackwellization of metropolis hastings algorithms	SCOPUS_ID:79551578073	10.1214/10-AOS838	None	Article	Full Text
Scopus	a short history of markov chain monte carlosubjective recollections from incomplete data	SCOPUS_ID:82955202811	10.1214/10-STS351	None	Article	Full Text
Scopus	a bayesian analysis of unobserved component models using ox	SCOPUS_ID:79961231514	10.18637/jss.v041.i13	None	Article	Full Text
Scopus	habit formationprice indexation and wage indexation in the dsge modelspecificationestimation and model fit	SCOPUS_ID:84962837945	10.2478/v10135-011-0008-9	None	Article	Full Text
Scopus	bayesian comparison of models with an application to the hardy weinberg equilibrium using the disequilibrium coefficient	SCOPUS_ID:79959385954	10.1590/s0103-84782011000500016	None	Article	Full Text
Scopus	sequentially interacting markov chain monte carlo methods	SCOPUS_ID:77949686856	10.1214/09-AOS747	None	Article	Full Text
Scopus	evolutionary stochastic search for bayesian model exploration	SCOPUS_ID:79951540621	10.1214/10-BA523	None	Article	Full Text
Scopus	non parametric deprojection of surface brightness profiles of galaxies in generalised geometries	SCOPUS_ID:79952850926	10.1051/0004-6361/200912008	None	Article	Full Text
Scopus	a general purpose sampling algorithm for continuous distributions (the t walk)	SCOPUS_ID:78449235493	10.1214/10-BA603	None	Article	Full Text
Scopus	a scale free structure prior for graphical models with applications in functional genomics	SCOPUS_ID:78249246665	10.1371/journal.pone.0013580	None	Article	Full Text
Scopus	bayesian inversion of microtremor array dispersion data in southwestern british columbia	SCOPUS_ID:77958544942	10.1111/j.1365-246X.2010.04761.x	None	Article	Full Text
Scopus	long term avalanche hazard assessment with a bayesian depth averaged propagation model	SCOPUS_ID:78149235845	10.3189/002214310793146331	None	Article	Full Text
Scopus	projection of mesothelioma mortality in britain using bayesian methods	SCOPUS_ID:77955053325	10.1038/sj.bjc.6605781	None	Article	Full Text
Scopus	advanced markov chain monte carlo methodslearning from past samples	SCOPUS_ID:84891574950	10.1002/9780470669723	None	Book	Full Text
Scopus	bayesian meta analysis for identifying periodically expressed genes in fission yeast cell cycle	SCOPUS_ID:80052270400	10.1214/09-AOAS300	None	Article	Full Text
Scopus	bayesian mixture structural equation modelling in multiple trait qtl mapping	SCOPUS_ID:77958472026	10.1017/S0016672310000236	None	Article	Full Text
Scopus	the random walk metropolislinking theory and practice through a case study	SCOPUS_ID:78650237279	10.1214/10-STS327	None	Article	Full Text
Scopus	interacting markov chain monte carlo methods for solving nonlinear measure valued equations	SCOPUS_ID:77949732978	10.1214/09-AAP628	None	Article	Full Text
Scopus	high dimensional exploratory item factor analysis by a metropolis hastings robbins monro algorithm	SCOPUS_ID:77950076362	10.1007/s11336-009-9136-x	None	Article	Full Text
Scopus	bayesian inference with an adaptive proposal density for garch models	SCOPUS_ID:78651065403	10.1088/1742-6596/221/1/012011	None	Conference Paper	Full Text
Scopus	an estimation method for latent traits and population parameters in nominal response model	SCOPUS_ID:84864134758	10.1214/09-BJPS102	None	Article	Full Text
Scopus	bayesian hierarchical model appllied to genetic evaluation of of beef cattle growth curves	SCOPUS_ID:77953771373	10.1590/s0102-09352010000200022	None	Article	Full Text
Scopus	a bayesian approach to state and parameter estimation in a phytoplankton zooplankton model	SCOPUS_ID:79955643168	10.22499/2.5901.003	None	Article	Full Text
Scopus	does waste recycling really improve the multi proposal metropolis hastings algorithman analysis based on control variates	SCOPUS_ID:76449089530	10.1239/jap/1261670681	None	Article	Full Text
Scopus	bayes one sample and one way random eects analyses for d orientations with application to materials science	SCOPUS_ID:74049131103	10.1214/09-BA423	None	Article	Full Text
Scopus	a stochastic model for the evolution of metabolic networks with neighbor dependence	SCOPUS_ID:66349136048	10.1093/bioinformatics/btp262	None	Article	Full Text
Scopus	an approach for improving the sampling efficiency in the bayesian calibration of computationally expensive simulation models	SCOPUS_ID:72149097065	10.1029/2007WR006773	None	Article	Full Text
Scopus	optimal scalings for local metropolis hastings chains on nonproduct targets in high dimensions	SCOPUS_ID:69149086344	10.1214/08-AAP563	None	Article	Full Text
Scopus	conditional inversion to estimate parameters from eddy flux observations	SCOPUS_ID:77949481034	10.1093/jpe/rtp005	None	Article	Full Text
Scopus	determining quasar black hole mass functions from their broad emission linesapplication to the bright quasar survey	SCOPUS_ID:84856418596	10.1088/0004-637X/692/2/1388	None	Review	Full Text
Scopus	modeling exopeptidase activity from lc ms data	SCOPUS_ID:59649103870	10.1089/cmb.2008.22TT	None	Article	Full Text
Scopus	adaptive independent metropolis hastings	SCOPUS_ID:64149084220	10.1214/08-AAP545	None	Article	Full Text
Scopus	correcting for ascertainment bias in the inference of population structure	SCOPUS_ID:60149100272	10.1093/bioinformatics/btn665	None	Article	Full Text
Scopus	dna motif alignment by evolving a population of markov chains	SCOPUS_ID:60849096092	10.1186/1471-2105-10-S1-S13	None	Article	Full Text
Scopus	adaptive mixture of student t distributions as a flexible candidate distribution for efficient simulationthe r package admit	SCOPUS_ID:58549088196	10.18637/jss.v029.i03	None	Article	Full Text
Scopus	bayesian approach to sensitivity of models for inbreeding coefficient	SCOPUS_ID:70349574643	10.1590/s0103-84782009000600018	None	Article	Full Text
Scopus	comparison of the models for prediction of the mineralized nitrogena bayesian approach	SCOPUS_ID:77949592385	10.1590/s1413-70542009000700016	None	Article	Full Text
Scopus	bayesian analisys for ruminal degradability models	SCOPUS_ID:70350063599	10.1590/s0103-84782009000700033	None	Article	Full Text
Scopus	a markov chain monte carlo algorithm for analysis of low signal to noise cosmic microwave background data	SCOPUS_ID:66649085532	10.1088/0004-637X/697/1/258	None	Article	Full Text
Scopus	a bayesian approach to map qtls using reversible jump mcmc	SCOPUS_ID:70349863378	10.1590/s1413-70542009000400017	None	Article	Full Text
Scopus	bayesian estimation of performance measures of screening tests in the presence of covariates and absence of a gold standard	SCOPUS_ID:84866365914	10.1214/08-BJPS006	None	Article	Full Text
Scopus	comment on "an integrated hydrologic bayesian multimodel combination frameworkconfronting inputparameterand model structural uncertainty in hydrologic predictionby newsha kajami et al.	SCOPUS_ID:84926231864	10.1029/2007WR006538	None	Review	Full Text
Scopus	maximum likelihood estimation for simplex distribution nonlinear mixed models via the stochastic approximation algorithm	SCOPUS_ID:58049173373	10.1216/RMJ-2008-38-5-1863	None	Conference Paper	Full Text
Scopus	detection of "punctuated equilibriumby bayesian estimation of speciation and extinction ratesancestral character statesand rates of anagenetic and cladogenetic evolution on a molecular phylogeny	SCOPUS_ID:54849411673	10.1111/j.1558-5646.2008.00492.x	None	Article	Full Text
Scopus	a flexible method of estimating luminosity functions	SCOPUS_ID:53549097958	10.1086/589501	None	Article	Full Text
Scopus	the separation of timescales in bayesian survival modeling of the time varying effect of a time dependent exposure	SCOPUS_ID:45849132989	10.1093/biostatistics/kxm038	None	Article	Full Text
Scopus	bayesian inference of errors in ancient dna caused by postmortem degradation	SCOPUS_ID:45849118250	10.1093/molbev/msn095	None	Article	Full Text
Scopus	variance bounding markov chains	SCOPUS_ID:51049090863	10.1214/07-AAP486	None	Article	Full Text
Scopus	the ode method for stability of skip free markov chains with applications to mcmc	SCOPUS_ID:52949104083	10.1214/07-AAP471	None	Article	Full Text
Scopus	non linear bayesian joint inversion of seismic reflection coefficients	SCOPUS_ID:41249088095	10.1111/j.1365-246X.2007.03710.x	None	Article	Full Text
Scopus	bayesian forecasting of the discounted payoff of options on wig2index in discrete time sv models	SCOPUS_ID:50849102290	10.12693/APhysPolA.114.507	None	Conference Paper	Full Text
Scopus	application of dynamic parametric sensitivity analysis for identifying contaminant sources in a watershed	SCOPUS_ID:58849118945	10.2495/WP080331	None	Article	Full Text
Scopus	graphical model inference in optimal control of stochastic multi agent systems	SCOPUS_ID:52249107868	10.1613/jair.2473	None	Article	Full Text
Scopus	specification of exponential family random graph modelsterms and computational aspects	SCOPUS_ID:45349086832	10.18637/jss.v024.i04	None	Article	Full Text
Scopus	bayesian estimation of performance measures of cervical cancer screening tests in the presence of covariates and absence of a gold standard	SCOPUS_ID:49649095601	10.1177/117693510800600002	None	Article	Full Text
Scopus	higher accuracy for bayesian and frequentist inferencelarge sample theory for small sample likelihood	SCOPUS_ID:49449111774	10.1214/07-STS240	None	Article	Full Text
Scopus	small world mcmc and convergence to multi modal distributionsfrom slow mixing to fast mixing	SCOPUS_ID:51049092302	10.1214/105051606000000772	None	Article	Full Text
Scopus	splitting and merging components of a nonconjugate dirichlet process mixture model	SCOPUS_ID:44649182304	10.1214/07-BA219	None	Article	Full Text
Scopus	elrmsoftware implementing exact like inference for logistic regression models	SCOPUS_ID:35348978635	10.18637/jss.v021.i03	None	Article	Full Text
Scopus	bayesian auxiliary variable models for binary and multinomial regression	SCOPUS_ID:84867151416	10.1214/06-BA105	None	Article	Full Text
Scopus	harris recurrence of metropolis within gibbs and trans dimensional markov chains	SCOPUS_ID:33846859066	10.1214/105051606000000510	None	Article	Full Text
Scopus	a bivariate quantitative genetic model for a threshold trait and a survival trait	SCOPUS_ID:33846252826	10.1051/gse:2006022	None	Article	Full Text
Scopus	generecon a coalescent based tool for fine scale association mapping	SCOPUS_ID:33748696976	10.1093/bioinformatics/btl153	None	Article	Full Text
Scopus	on the ergodicity properties of some adaptive mcmc algorithms	SCOPUS_ID:33750512542	10.1214/105051606000000286	None	Article	Full Text
Scopus	optimal scaling for partially updating mcmc algorithms	SCOPUS_ID:33746863011	10.1214/105051605000000791	None	Article	Full Text
Scopus	inferring complex dna substitution processes on phylogenies using uniformization and data augmentation	SCOPUS_ID:33744982664	10.1080/10635150500541599	None	Article	Full Text
Scopus	exact hypothesis tests for log linear models with exactloglintest	SCOPUS_ID:33845355651	10.18637/jss.v017.i07	None	Article	Full Text
Scopus	a bivariate quantitative genetic model for a linear gaussian trait and a survival trait	SCOPUS_ID:30444435205	10.1051/gse:200502	None	Article	Full Text
Scopus	a bayesian approach for applying haseman elston methods	SCOPUS_ID:30344460861	10.1186/1471-2156-6-S1-S39	None	Article	Full Text
Scopus	likelihoods from summary statisticsrecent divergence between species	SCOPUS_ID:32544444406	10.1534/genetics.104.040402	None	Article	Full Text
Scopus	bayesian model selection for genome wide epistatic quantitative trait loci analysis	SCOPUS_ID:23344451313	10.1534/genetics.104.040386	None	Article	Full Text
Scopus	a quasi monte carlo metropolis algorithm	SCOPUS_ID:21144439341	10.1073/pnas.0409596102	None	Article	Full Text
Scopus	generalised shot noise cox processes	SCOPUS_ID:17744365970	10.1239/aap/1113402399	None	Article	Full Text
Scopus	renewal theory and computable convergence rates for geometrically ergodic markov chains	SCOPUS_ID:14544277112	10.1214/105051604000000710	None	Article	Full Text
Scopus	comparison of different strategies to analyze growth and carcass traits in a crossbred pig populationfinite and infinitesimal polygenic models	SCOPUS_ID:31544451270	10.1590/s1516-35982005000500013	None	Article	Full Text
Scopus	bclassa bayesian approach based on mixture models for clustering and classification of heterogeneous biological data	SCOPUS_ID:15944412514	10.18637/jss.v013.i02	None	Article	Full Text
Scopus	general state space markov chains and mcmc algorithms	SCOPUS_ID:84890736685	10.1214/154957804100000024	None	Article	Full Text
Scopus	time varying noise estimation for speech enhancement and recognition using sequential monte carlo method	SCOPUS_ID:11844276025	10.1155/S1110865704405022	None	Article	Full Text
Scopus	comment on "on the metropolis hastings acceptance probability to add or drop a quantitative trait locus in markov chain monte carlo based bayesian analyses[3]	SCOPUS_ID:3142707228	10.1534/genetics.103.025320	None	Letter	Full Text
Scopus	highly structured models for spectral analysis in high energy astrophysics	SCOPUS_ID:14544284975	10.1214/088342304000000314	None	Review	Full Text
Scopus	on the metropolis hastings acceptance probability to add or drop a quantitative trait locus in markov chain monte carlo based bayesian analyses	SCOPUS_ID:1642340738	10.1534/genetics.166.1.641	None	Article	Full Text
Scopus	a comparative study of markov chain monte carlo methods for conceptual rainfall runoff modeling	SCOPUS_ID:1642295818	10.1029/2003WR002378	None	Article	Full Text
Scopus	discovering disease genesmultipoint linkage analysis via a new markov chain monte carlo approach	SCOPUS_ID:2542593163	10.1214/ss/1081443233	None	Article	Full Text
Scopus	convergence of the monte carlo expectation maximization for curved exponential families	SCOPUS_ID:0042358780	10.1214/aos/1059655912	None	Article	Full Text
Scopus	geometric ergodicity of discrete time approximations to multivariate diffusions	SCOPUS_ID:33747374314	10.3150/bj/1066223276	None	Article	Full Text
Scopus	inferences from dna datapopulation historiesevolutionary processes and forensic match probabilities	SCOPUS_ID:0037503021	10.1111/1467-985X.00264	None	Article	Full Text
Scopus	self regenerative markov chain monte carlo with adaptation	SCOPUS_ID:2442470429	10.3150/bj/1065444811	None	Article	Full Text
Scopus	an algorithm for sampling descent graphs in large complex pedigrees efficiently	SCOPUS_ID:0038447072	10.1017/S0016672303006232	None	Article	Full Text
Scopus	how bayes tests of molecular phylogenies compare with frequentist approaches	SCOPUS_ID:0037461032	10.1093/bioinformatics/btg065	None	Article	Full Text
Scopus	detecting recombination in taxa dna sequence alignments with bayesian hidden markov models and markov chain monte carlo	SCOPUS_ID:0037358827	10.1093/molbev/msg039	None	Article	Full Text
Scopus	population markov chain monte carlo	SCOPUS_ID:0037266164	10.1023/A:1020206129842	None	Article	Full Text
Scopus	branching process models for surveillance of infectious diseases controlled by mass vaccination.	SCOPUS_ID:0142089895	10.1093/biostatistics/4.2.279	None	Article	Full Text
Scopus	qtl analysis in arbitrary pedigrees with incomplete marker information	SCOPUS_ID:0036856561	10.1038/sj.hdy.6800136	None	Review	Full Text
Scopus	effects of models of rate evolution on estimation of divergence dates with special reference to the metazoan 18s ribosomal rna phylogeny	SCOPUS_ID:0036804729	10.1080/10635150290102375	None	Conference Paper	Full Text
Scopus	markov chain decomposition for convergence rate analysis	SCOPUS_ID:0036338627	10.1214/aoap/1026915617	None	Article	Full Text
Scopus	simulation and characterization of random systems of hard particles	SCOPUS_ID:0347704931	10.5566/ias.v21.ps41-s48	None	Article	Full Text
Scopus	bayesian qtl mapping using skewed student t distributions	SCOPUS_ID:0036010949	10.1051/gse:2001001	None	Article	Full Text
Scopus	irreducibility and efficiency of esip to sample marker genotypes in large pedigrees with loops	SCOPUS_ID:0036423246	10.1051/gse:2002022	None	Article	Full Text
Scopus	a geometric interpretation of the metropolis hastings algorithm	SCOPUS_ID:0041386088	10.1214/ss/1015346318	None	Article	Full Text
Scopus	optimal scaling for various metropolis hastings algorithms	SCOPUS_ID:0013037129	10.1214/ss/1015346320	None	Article	Full Text
Scopus	ordering and improving the performance of monte carlo markov chains	SCOPUS_ID:0042193001	10.1214/ss/1015346319	None	Article	Full Text
Scopus	a markov chain monte carlo scheme for parameter estimation and inference in conceptual rainfall runoff modeling	SCOPUS_ID:0034989285	10.1029/2000WR900363	None	Article	Full Text
Scopus	on the emulation of kohonen's self organization via single map metropolis hastings algorithms	SCOPUS_ID:84957869437	10.1007/3-540-45718-6_39	None	Conference Paper	Full Text
Scopus	a sampling algorithm for segregation analysis	SCOPUS_ID:0035543430	10.1051/gse:2001133	None	Article	Full Text
Scopus	performance of a divergence time estimation method under a probabilistic model of rate evolution	SCOPUS_ID:0035103260	10.1093/oxfordjournals.molbev.a003811	None	Article	Full Text
Scopus	bayesian backfitting	SCOPUS_ID:0001412716	10.1214/ss/1009212815	None	Article	Full Text
Scopus	assessment of heterogeneity of residual variances using changepoint techniques	SCOPUS_ID:0033812205	10.1051/gse:2000125	None	Article	Full Text
Scopus	a bayesian approach to parameter estimation and pooling in nonlinear flood event models	SCOPUS_ID:0032928851	10.1029/1998WR900043	None	Article	Full Text
Scopus	a bayesian markov chain monte carlo approach to map disease genes in simulated gaw1data	SCOPUS_ID:0032728344	10.1002/gepi.13701707122	None	Conference Paper	Full Text
Scopus	markov chain monte carlo algorithms for the bayesian analysis of phylogenetic trees	SCOPUS_ID:0032976397	10.1093/oxfordjournals.molbev.a026160	None	Article	Full Text
Scopus	markov chain monte carlo estimation of regime switching vector autoregressions	SCOPUS_ID:85011452713	10.2143/AST.29.1.504606	None	Article	Full Text
Scopus	a note on metropolis hastings kernels for general state spaces	SCOPUS_ID:0032382065	10.1214/aoap/1027961031	None	Article	Full Text
Scopus	generating precipitation time series using simulated annealing	SCOPUS_ID:2642658367	10.1029/98WR00981	None	Article	Full Text
Scopus	stochastic virtual population analysis	SCOPUS_ID:0032191234	10.1006/jmsc.1998.0368	None	Article	Full Text
Scopus	weighted polynomial models and weighted sampling schemes for finite population	SCOPUS_ID:0032262825	10.1214/aos/1024691362	None	Article	Full Text
Scopus	estimating the rate of evolution of the rate of molecular evolution	SCOPUS_ID:0031741182	10.1093/oxfordjournals.molbev.a025892	None	Article	Full Text
Scopus	bayesian estimation of dispersion parameters with a reduced animal model including polygenic and qtl effects	SCOPUS_ID:0031779063	10.1051/gse:19980202	None	Article	Full Text
Scopus	measuring departures from hardy weinberga markov chain monte carlo method for estimating the inbreeding coefficient	SCOPUS_ID:0032103583	10.1046/j.1365-2540.1998.00360.x	None	Article	Full Text
Scopus	on monte carlo methods for estimating ratios of normalizing constants	SCOPUS_ID:0031527297	10.1214/aos/1031594732	None	Article	Full Text
Scopus	outperforming the gibbs sampler empirical estimator for nearest neighbor random fields	SCOPUS_ID:0030363220	10.1214/aos/1032298276	None	Article	Full Text
Scopus	monte carlo likelihood in genetic mapping	SCOPUS_ID:84972506925	10.1214/ss/1177010381	None	Article	Full Text
Scopus	practical markov chain monte carlo	SCOPUS_ID:84972511893	10.1214/ss/1177011137	None	Article	Full Text
